point_id,latitude,longitude,date,temp_min,temp_max,temp_mean,humidity_mean,pressure_mean,wind_speed_max,wind_direction,precipitation_total,cloud_cover_mean
P01,14.3871,121.0266,2024-07-01,26.95,33.19,29.626666666666665,68.0,1008.0,3.58,120.0,0.0,100.0
P01,14.3871,121.0266,2024-07-08,25.4,31.43,28.77333333333333,68.0,1009.0,4.02,156.0,2.34,85.0
P01,14.3871,121.0266,2024-07-15,25.91,31.2,28.366666666666664,73.0,1008.0,6.26,154.0,17.27,100.0
P01,14.3871,121.0266,2024-07-22,24.82,28.18,25.916666666666668,96.0,1007.0,7.2,250.0,11.71,100.0
P01,14.3871,121.0266,2024-07-29,24.36,30.37,27.048333333333332,82.0,1009.0,3.58,312.0,30.12,100.0
P01,14.3871,121.0266,2024-08-05,26.33,31.2,28.256666666666664,74.0,1008.0,6.26,303.0,0.0,90.0
P01,14.3871,121.0266,2024-08-12,27.04,32.74,29.521666666666665,67.0,1007.0,8.05,309.0,0.0,36.0
P01,14.3871,121.0266,2024-08-19,26.14,33.74,29.118333333333336,62.0,1008.0,7.2,220.0,2.52,99.0
P01,14.3871,121.0266,2024-08-26,25.23,30.01,27.218333333333334,85.0,1007.0,4.02,272.0,9.82,93.0
P01,14.3871,121.0266,2024-09-02,23.29,25.79,24.7,97.0,1006.0,6.26,240.0,91.92,100.0
P01,14.3871,121.0266,2024-09-09,26.18,29.38,28.066666666666666,85.0,1009.0,3.13,280.0,0.0,100.0
P01,14.3871,121.0266,2024-09-16,25.86,30.51,27.94666666666667,80.0,1002.0,6.69,260.0,4.85,100.0
P01,14.3871,121.0266,2024-09-23,25.61,33.19,28.993333333333336,70.0,1011.0,4.02,102.0,0.0,72.0
P01,14.3871,121.0266,2024-09-30,25.53,31.82,28.34,67.0,1007.0,8.23,270.0,0.0,100.0
P01,14.3871,121.0266,2024-10-07,24.41,30.3,27.080000000000002,66.0,1010.0,2.77,125.0,1.07,50.0
P01,14.3871,121.0266,2024-10-14,27.16,30.59,28.75,72.0,1009.0,4.47,96.0,0.0,99.0
P01,14.3871,121.0266,2024-10-21,25.08,31.02,27.366666666666664,82.0,1009.0,3.13,96.0,9.85,100.0
P01,14.3871,121.0266,2024-10-28,26.08,30.6,28.175,72.0,1006.0,5.81,296.0,0.1,97.0
P01,14.3871,121.0266,2024-11-04,24.9,31.88,27.933333333333334,71.0,1010.0,3.58,96.0,0.1,100.0
P01,14.3871,121.0266,2024-11-11,25.69,29.97,27.72,82.0,1006.0,2.68,275.0,3.54,100.0
P01,14.3871,121.0266,2024-11-18,25.9,32.2,28.71666666666667,72.0,1011.0,4.92,91.0,0.57,100.0
P01,14.3871,121.0266,2024-11-25,26.44,31.22,28.645,73.0,1011.0,4.92,95.0,0.0,60.0
P01,14.3871,121.0266,2024-12-02,25.06,27.19,25.85166666666667,97.0,1009.0,3.52,89.0,6.13,100.0
P01,14.3871,121.0266,2024-12-09,26.35,29.03,27.49666666666667,80.0,1010.0,6.71,96.0,8.52,100.0
P01,14.3871,121.0266,2024-12-16,25.06,30.21,27.064999999999998,74.0,1013.0,6.26,90.0,0.0,94.0
P01,14.3871,121.0266,2024-12-23,25.24,28.43,26.715,76.0,1011.0,8.49,101.0,1.35,100.0
P01,14.3871,121.0266,2024-12-30,24.1,29.42,26.17,80.0,1012.0,8.19,87.0,2.66,30.0
P02,14.3871,121.0475,2024-07-01,26.95,33.19,29.626666666666665,68.0,1008.0,3.58,120.0,0.0,100.0
P02,14.3871,121.0475,2024-07-08,25.4,31.43,28.77333333333333,68.0,1009.0,4.02,156.0,2.34,85.0
P02,14.3871,121.0475,2024-07-15,25.91,31.2,28.366666666666664,73.0,1008.0,6.26,154.0,17.27,100.0
P02,14.3871,121.0475,2024-07-22,24.82,28.18,25.916666666666668,96.0,1007.0,7.2,250.0,11.71,100.0
P02,14.3871,121.0475,2024-07-29,24.36,30.37,27.048333333333332,82.0,1009.0,3.58,312.0,30.12,100.0
P02,14.3871,121.0475,2024-08-05,26.33,31.2,28.256666666666664,74.0,1008.0,6.26,303.0,0.0,90.0
P02,14.3871,121.0475,2024-08-12,27.04,32.74,29.521666666666665,67.0,1007.0,8.05,309.0,0.0,36.0
P02,14.3871,121.0475,2024-08-19,26.14,33.74,29.118333333333336,62.0,1008.0,7.2,220.0,2.52,99.0
P02,14.3871,121.0475,2024-08-26,25.23,30.01,27.218333333333334,85.0,1007.0,4.02,272.0,9.82,93.0
P02,14.3871,121.0475,2024-09-02,23.29,25.79,24.7,97.0,1006.0,6.26,240.0,91.92,100.0
P02,14.3871,121.0475,2024-09-09,26.18,29.38,28.066666666666666,85.0,1009.0,3.13,280.0,0.0,100.0
P02,14.3871,121.0475,2024-09-16,25.86,30.51,27.94666666666667,80.0,1002.0,6.69,260.0,4.85,100.0
P02,14.3871,121.0475,2024-09-23,25.61,33.19,28.993333333333336,70.0,1011.0,4.02,102.0,0.0,72.0
P02,14.3871,121.0475,2024-09-30,25.53,31.82,28.34,67.0,1007.0,8.23,270.0,0.0,100.0
P02,14.3871,121.0475,2024-10-07,24.41,30.3,27.080000000000002,66.0,1010.0,2.77,125.0,1.07,50.0
P02,14.3871,121.0475,2024-10-14,27.16,30.59,28.75,72.0,1009.0,4.47,96.0,0.0,99.0
P02,14.3871,121.0475,2024-10-21,25.08,31.02,27.366666666666664,82.0,1009.0,3.13,96.0,9.85,100.0
P02,14.3871,121.0475,2024-10-28,26.08,30.6,28.175,72.0,1006.0,5.81,296.0,0.1,97.0
P02,14.3871,121.0475,2024-11-04,24.9,31.88,27.933333333333334,71.0,1010.0,3.58,96.0,0.1,100.0
P02,14.3871,121.0475,2024-11-11,25.69,29.97,27.72,82.0,1006.0,2.68,275.0,3.54,100.0
P02,14.3871,121.0475,2024-11-18,25.9,32.2,28.71666666666667,72.0,1011.0,4.92,91.0,0.57,100.0
P02,14.3871,121.0475,2024-11-25,26.44,31.22,28.645,73.0,1011.0,4.92,95.0,0.0,60.0
P02,14.3871,121.0475,2024-12-02,25.06,27.19,25.85166666666667,97.0,1009.0,3.52,89.0,6.13,100.0
P02,14.3871,121.0475,2024-12-09,26.35,29.03,27.49666666666667,80.0,1010.0,6.71,96.0,8.52,100.0
P02,14.3871,121.0475,2024-12-16,25.06,30.21,27.064999999999998,74.0,1013.0,6.26,90.0,0.0,94.0
P02,14.3871,121.0475,2024-12-23,25.24,28.43,26.715,76.0,1011.0,8.49,101.0,1.35,100.0
P02,14.3871,121.0475,2024-12-30,24.1,29.42,26.17,80.0,1012.0,8.19,87.0,2.66,30.0
P03,14.4268,120.9847,2024-07-01,26.96,33.21,29.62,69.0,1008.0,3.29,119.0,0.0,100.0
P03,14.4268,120.9847,2024-07-08,25.61,32.45,28.968333333333334,68.0,1009.0,4.36,105.0,0.91,92.0
P03,14.4268,120.9847,2024-07-15,25.73,31.46,28.405,73.0,1008.0,5.75,113.0,13.54,100.0
P03,14.4268,120.9847,2024-07-22,24.79,27.84,25.923333333333332,96.0,1007.0,9.11,243.0,10.89,100.0
P03,14.4268,120.9847,2024-07-29,24.62,30.48,27.201666666666668,82.0,1009.0,5.38,254.0,26.04,100.0
P03,14.4268,120.9847,2024-08-05,26.4,31.46,28.368333333333336,74.0,1008.0,7.39,246.0,1.98,86.0
P03,14.4268,120.9847,2024-08-12,26.95,32.71,29.548333333333332,67.0,1007.0,6.73,252.0,0.0,22.0
P03,14.4268,120.9847,2024-08-19,26.52,34.1,29.3,62.0,1008.0,7.2,220.0,8.56,100.0
P03,14.4268,120.9847,2024-08-26,25.29,30.2,27.505,81.0,1007.0,5.98,255.0,3.94,88.0
P03,14.4268,120.9847,2024-09-02,23.36,25.99,24.808333333333334,97.0,1006.0,11.25,239.0,95.85,100.0
P03,14.4268,120.9847,2024-09-09,25.97,29.47,28.046666666666667,85.0,1009.0,4.85,350.0,0.1,100.0
P03,14.4268,120.9847,2024-09-16,25.87,30.58,28.011666666666667,80.0,1002.0,6.69,260.0,8.7,100.0
P03,14.4268,120.9847,2024-09-23,25.57,33.21,29.0,70.0,1011.0,4.61,122.0,0.13,82.0
P03,14.4268,120.9847,2024-09-30,25.59,31.89,28.376666666666665,67.0,1007.0,9.45,241.0,0.0,99.0
P03,14.4268,120.9847,2024-10-07,24.47,30.0,27.08,66.0,1010.0,2.94,129.0,7.41,55.0
P03,14.4268,120.9847,2024-10-14,27.03,30.88,28.761666666666667,72.0,1009.0,6.77,106.0,0.0,100.0
P03,14.4268,120.9847,2024-10-21,25.28,31.15,27.7,79.0,1008.0,5.02,101.0,5.97,100.0
P03,14.4268,120.9847,2024-10-28,26.14,30.8,28.281666666666666,72.0,1006.0,5.87,260.0,0.0,94.0
P03,14.4268,120.9847,2024-11-04,25.02,31.98,28.081666666666667,71.0,1010.0,5.37,96.0,0.0,98.0
P03,14.4268,120.9847,2024-11-11,25.69,30.03,27.738333333333333,81.0,1006.0,11.02,224.0,1.37,100.0
P03,14.4268,120.9847,2024-11-18,25.94,32.26,28.790000000000003,72.0,1011.0,6.73,94.0,0.0,100.0
P03,14.4268,120.9847,2024-11-25,26.28,31.58,28.689999999999998,72.0,1011.0,5.8,72.0,0.0,60.0
P03,14.4268,120.9847,2024-12-02,25.0,27.25,25.91333333333333,93.0,1009.0,3.53,15.0,5.56,100.0
P03,14.4268,120.9847,2024-12-09,26.28,29.32,27.51,79.0,1010.0,7.66,79.0,8.47,100.0
P03,14.4268,120.9847,2024-12-16,25.0,30.32,27.10166666666667,73.0,1013.0,6.49,64.0,0.0,100.0
P03,14.4268,120.9847,2024-12-23,25.2,28.77,26.86,76.0,1010.0,7.23,85.0,0.71,100.0
P03,14.4268,120.9847,2024-12-30,24.2,29.47,26.236666666666665,80.0,1012.0,8.44,97.0,0.22,19.0
P04,14.4268,121.0056,2024-07-01,26.96,33.21,29.62,69.0,1008.0,3.29,119.0,0.0,100.0
P04,14.4268,121.0056,2024-07-08,25.61,32.45,28.968333333333334,68.0,1009.0,4.36,105.0,0.91,92.0
P04,14.4268,121.0056,2024-07-15,25.73,31.46,28.405,73.0,1008.0,5.75,113.0,13.54,100.0
P04,14.4268,121.0056,2024-07-22,24.79,27.84,25.923333333333332,96.0,1007.0,9.11,243.0,10.89,100.0
P04,14.4268,121.0056,2024-07-29,24.62,30.48,27.201666666666668,82.0,1009.0,5.38,254.0,26.04,100.0
P04,14.4268,121.0056,2024-08-05,26.4,31.46,28.368333333333336,74.0,1008.0,7.39,246.0,1.98,86.0
P04,14.4268,121.0056,2024-08-12,26.95,32.71,29.548333333333332,67.0,1007.0,6.73,252.0,0.0,22.0
P04,14.4268,121.0056,2024-08-19,26.52,34.1,29.3,62.0,1008.0,7.2,220.0,8.56,100.0
P04,14.4268,121.0056,2024-08-26,25.29,30.2,27.505,81.0,1007.0,5.98,255.0,3.94,88.0
P04,14.4268,121.0056,2024-09-02,23.36,25.99,24.808333333333334,97.0,1006.0,11.25,239.0,95.85,100.0
P04,14.4268,121.0056,2024-09-09,25.97,29.47,28.046666666666667,85.0,1009.0,4.85,350.0,0.1,100.0
P04,14.4268,121.0056,2024-09-16,25.87,30.58,28.011666666666667,80.0,1002.0,6.69,260.0,8.7,100.0
P04,14.4268,121.0056,2024-09-23,25.57,33.21,29.0,70.0,1011.0,4.61,122.0,0.13,82.0
P04,14.4268,121.0056,2024-09-30,25.59,31.89,28.376666666666665,67.0,1007.0,9.45,241.0,0.0,99.0
P04,14.4268,121.0056,2024-10-07,24.47,30.0,27.08,66.0,1010.0,2.94,129.0,7.41,55.0
P04,14.4268,121.0056,2024-10-14,27.03,30.88,28.761666666666667,72.0,1009.0,6.77,106.0,0.0,100.0
P04,14.4268,121.0056,2024-10-21,25.28,31.15,27.7,79.0,1008.0,5.02,101.0,5.97,100.0
P04,14.4268,121.0056,2024-10-28,26.14,30.8,28.281666666666666,72.0,1006.0,5.87,260.0,0.0,94.0
P04,14.4268,121.0056,2024-11-04,25.02,31.98,28.081666666666667,71.0,1010.0,5.37,96.0,0.0,98.0
P04,14.4268,121.0056,2024-11-11,25.69,30.03,27.738333333333333,81.0,1006.0,11.02,224.0,1.37,100.0
P04,14.4268,121.0056,2024-11-18,25.94,32.26,28.790000000000003,72.0,1011.0,6.73,94.0,0.0,100.0
P04,14.4268,121.0056,2024-11-25,26.28,31.58,28.689999999999998,72.0,1011.0,5.8,72.0,0.0,60.0
P04,14.4268,121.0056,2024-12-02,25.0,27.25,25.91333333333333,93.0,1009.0,3.53,15.0,5.56,100.0
P04,14.4268,121.0056,2024-12-09,26.28,29.32,27.51,79.0,1010.0,7.66,79.0,8.47,100.0
P04,14.4268,121.0056,2024-12-16,25.0,30.32,27.10166666666667,73.0,1013.0,6.49,64.0,0.0,100.0
P04,14.4268,121.0056,2024-12-23,25.2,28.77,26.86,76.0,1010.0,7.23,85.0,0.71,100.0
P04,14.4268,121.0056,2024-12-30,24.2,29.47,26.236666666666665,80.0,1012.0,8.44,97.0,0.22,19.0
P05,14.4268,121.0266,2024-07-01,26.95,33.19,29.626666666666665,68.0,1008.0,3.58,120.0,0.0,100.0
P05,14.4268,121.0266,2024-07-08,25.4,31.43,28.77333333333333,68.0,1009.0,4.02,156.0,2.34,85.0
P05,14.4268,121.0266,2024-07-15,25.91,31.2,28.366666666666664,73.0,1008.0,6.26,154.0,17.27,100.0
P05,14.4268,121.0266,2024-07-22,24.82,28.18,25.916666666666668,96.0,1007.0,7.2,250.0,11.71,100.0
P05,14.4268,121.0266,2024-07-29,24.36,30.37,27.048333333333332,82.0,1009.0,3.58,312.0,30.12,100.0
P05,14.4268,121.0266,2024-08-05,26.33,31.2,28.256666666666664,74.0,1008.0,6.26,303.0,0.0,90.0
P05,14.4268,121.0266,2024-08-12,27.04,32.74,29.521666666666665,67.0,1007.0,8.05,309.0,0.0,36.0
P05,14.4268,121.0266,2024-08-19,26.14,33.74,29.118333333333336,62.0,1008.0,7.2,220.0,2.52,99.0
P05,14.4268,121.0266,2024-08-26,25.23,30.01,27.218333333333334,85.0,1007.0,4.02,272.0,9.82,93.0
P05,14.4268,121.0266,2024-09-02,23.29,25.79,24.7,97.0,1006.0,6.26,240.0,91.92,100.0
P05,14.4268,121.0266,2024-09-09,26.18,29.38,28.066666666666666,85.0,1009.0,3.13,280.0,0.0,100.0
P05,14.4268,121.0266,2024-09-16,25.86,30.51,27.94666666666667,80.0,1002.0,6.69,260.0,4.85,100.0
P05,14.4268,121.0266,2024-09-23,25.61,33.19,28.993333333333336,70.0,1011.0,4.02,102.0,0.0,72.0
P05,14.4268,121.0266,2024-09-30,25.53,31.82,28.34,67.0,1007.0,8.23,270.0,0.0,100.0
P05,14.4268,121.0266,2024-10-07,24.41,30.3,27.080000000000002,66.0,1010.0,2.77,125.0,1.07,50.0
P05,14.4268,121.0266,2024-10-14,27.16,30.59,28.75,72.0,1009.0,4.47,96.0,0.0,99.0
P05,14.4268,121.0266,2024-10-21,25.08,31.02,27.366666666666664,82.0,1009.0,3.13,96.0,9.85,100.0
P05,14.4268,121.0266,2024-10-28,26.08,30.6,28.175,72.0,1006.0,5.81,296.0,0.1,97.0
P05,14.4268,121.0266,2024-11-04,24.9,31.88,27.933333333333334,71.0,1010.0,3.58,96.0,0.1,100.0
P05,14.4268,121.0266,2024-11-11,25.69,29.97,27.72,82.0,1006.0,2.68,275.0,3.54,100.0
P05,14.4268,121.0266,2024-11-18,25.9,32.2,28.71666666666667,72.0,1011.0,4.92,91.0,0.57,100.0
P05,14.4268,121.0266,2024-11-25,26.44,31.22,28.645,73.0,1011.0,4.92,95.0,0.0,60.0
P05,14.4268,121.0266,2024-12-02,25.06,27.19,25.85166666666667,97.0,1009.0,3.52,89.0,6.13,100.0
P05,14.4268,121.0266,2024-12-09,26.35,29.03,27.49666666666667,80.0,1010.0,6.71,96.0,8.52,100.0
P05,14.4268,121.0266,2024-12-16,25.06,30.21,27.064999999999998,74.0,1013.0,6.26,90.0,0.0,94.0
P05,14.4268,121.0266,2024-12-23,25.24,28.43,26.715,76.0,1011.0,8.49,101.0,1.35,100.0
P05,14.4268,121.0266,2024-12-30,24.1,29.42,26.17,80.0,1012.0,8.19,87.0,2.66,30.0
P06,14.4268,121.0475,2024-07-01,26.95,33.19,29.626666666666665,68.0,1008.0,3.58,120.0,0.0,100.0
P06,14.4268,121.0475,2024-07-08,25.4,31.43,28.77333333333333,68.0,1009.0,4.02,156.0,2.34,85.0
P06,14.4268,121.0475,2024-07-15,25.91,31.2,28.366666666666664,73.0,1008.0,6.26,154.0,17.27,100.0
P06,14.4268,121.0475,2024-07-22,24.82,28.18,25.916666666666668,96.0,1007.0,7.2,250.0,11.71,100.0
P06,14.4268,121.0475,2024-07-29,24.36,30.37,27.048333333333332,82.0,1009.0,3.58,312.0,30.12,100.0
P06,14.4268,121.0475,2024-08-05,26.33,31.2,28.256666666666664,74.0,1008.0,6.26,303.0,0.0,90.0
P06,14.4268,121.0475,2024-08-12,27.04,32.74,29.521666666666665,67.0,1007.0,8.05,309.0,0.0,36.0
P06,14.4268,121.0475,2024-08-19,26.14,33.74,29.118333333333336,62.0,1008.0,7.2,220.0,2.52,99.0
P06,14.4268,121.0475,2024-08-26,25.23,30.01,27.218333333333334,85.0,1007.0,4.02,272.0,9.82,93.0
P06,14.4268,121.0475,2024-09-02,23.29,25.79,24.7,97.0,1006.0,6.26,240.0,91.92,100.0
P06,14.4268,121.0475,2024-09-09,26.18,29.38,28.066666666666666,85.0,1009.0,3.13,280.0,0.0,100.0
P06,14.4268,121.0475,2024-09-16,25.86,30.51,27.94666666666667,80.0,1002.0,6.69,260.0,4.85,100.0
P06,14.4268,121.0475,2024-09-23,25.61,33.19,28.993333333333336,70.0,1011.0,4.02,102.0,0.0,72.0
P06,14.4268,121.0475,2024-09-30,25.53,31.82,28.34,67.0,1007.0,8.23,270.0,0.0,100.0
P06,14.4268,121.0475,2024-10-07,24.41,30.3,27.080000000000002,66.0,1010.0,2.77,125.0,1.07,50.0
P06,14.4268,121.0475,2024-10-14,27.16,30.59,28.75,72.0,1009.0,4.47,96.0,0.0,99.0
P06,14.4268,121.0475,2024-10-21,25.08,31.02,27.366666666666664,82.0,1009.0,3.13,96.0,9.85,100.0
P06,14.4268,121.0475,2024-10-28,26.08,30.6,28.175,72.0,1006.0,5.81,296.0,0.1,97.0
P06,14.4268,121.0475,2024-11-04,24.9,31.88,27.933333333333334,71.0,1010.0,3.58,96.0,0.1,100.0
P06,14.4268,121.0475,2024-11-11,25.69,29.97,27.72,82.0,1006.0,2.68,275.0,3.54,100.0
P06,14.4268,121.0475,2024-11-18,25.9,32.2,28.71666666666667,72.0,1011.0,4.92,91.0,0.57,100.0
P06,14.4268,121.0475,2024-11-25,26.44,31.22,28.645,73.0,1011.0,4.92,95.0,0.0,60.0
P06,14.4268,121.0475,2024-12-02,25.06,27.19,25.85166666666667,97.0,1009.0,3.52,89.0,6.13,100.0
P06,14.4268,121.0475,2024-12-09,26.35,29.03,27.49666666666667,80.0,1010.0,6.71,96.0,8.52,100.0
P06,14.4268,121.0475,2024-12-16,25.06,30.21,27.064999999999998,74.0,1013.0,6.26,90.0,0.0,94.0
P06,14.4268,121.0475,2024-12-23,25.24,28.43,26.715,76.0,1011.0,8.49,101.0,1.35,100.0
P06,14.4268,121.0475,2024-12-30,24.1,29.42,26.17,80.0,1012.0,8.19,87.0,2.66,30.0
P07,14.4666,120.9847,2024-07-01,26.91,33.23,29.605,70.0,1008.0,3.48,119.0,0.0,100.0
P07,14.4666,120.9847,2024-07-08,25.74,32.4,29.003333333333334,68.0,1009.0,4.55,106.0,0.91,94.0
P07,14.4666,120.9847,2024-07-15,25.64,31.59,28.43166666666667,73.0,1008.0,6.14,114.0,13.5,100.0
P07,14.4666,120.9847,2024-07-22,25.14,27.85,26.021666666666665,96.0,1007.0,9.51,243.0,10.97,100.0
P07,14.4666,120.9847,2024-07-29,24.76,30.52,27.293333333333333,82.0,1009.0,5.61,252.0,24.25,100.0
P07,14.4666,120.9847,2024-08-05,26.42,31.59,28.503333333333334,73.0,1008.0,7.73,244.0,2.79,84.0
P07,14.4666,120.9847,2024-08-12,27.15,32.68,29.603333333333335,67.0,1007.0,6.94,250.0,0.0,18.0
P07,14.4666,120.9847,2024-08-19,26.66,34.28,29.388333333333332,62.0,1008.0,7.2,220.0,9.87,100.0
P07,14.4666,120.9847,2024-08-26,25.35,30.3,27.406666666666666,84.0,1007.0,6.5,255.0,4.11,87.0
P07,14.4666,120.9847,2024-09-02,23.4,26.11,24.88,97.0,1006.0,11.8,239.0,95.75,100.0
P07,14.4666,120.9847,2024-09-09,25.89,29.5,28.05333333333333,85.0,1009.0,5.32,352.0,0.1,100.0
P07,14.4666,120.9847,2024-09-16,25.89,30.63,28.061666666666667,80.0,1002.0,6.69,260.0,8.3,100.0
P07,14.4666,120.9847,2024-09-23,25.57,33.23,29.064999999999998,70.0,1011.0,4.74,123.0,0.16,85.0
P07,14.4666,120.9847,2024-09-30,25.63,31.93,28.478333333333335,67.0,1007.0,9.72,240.0,0.0,100.0
P07,14.4666,120.9847,2024-10-07,24.51,29.87,27.09166666666667,66.0,1010.0,3.08,129.0,7.61,56.0
P07,14.4666,120.9847,2024-10-14,27.03,30.86,28.75,72.0,1009.0,6.81,108.0,0.0,100.0
P07,14.4666,120.9847,2024-10-21,25.4,31.24,27.804999999999996,79.0,1008.0,5.26,99.0,5.31,100.0
P07,14.4666,120.9847,2024-10-28,26.18,30.9,28.343333333333334,72.0,1006.0,5.67,261.0,0.0,93.0
P07,14.4666,120.9847,2024-11-04,25.12,32.05,28.186666666666667,70.0,1010.0,5.3,94.0,0.0,98.0
P07,14.4666,120.9847,2024-11-11,25.73,30.06,27.768333333333334,81.0,1006.0,11.36,224.0,1.74,100.0
P07,14.4666,120.9847,2024-11-18,25.98,32.21,28.833333333333332,72.0,1011.0,6.9,97.0,0.0,100.0
P07,14.4666,120.9847,2024-11-25,26.22,31.78,28.731666666666666,71.0,1011.0,5.69,100.0,0.0,62.0
P07,14.4666,120.9847,2024-12-02,24.99,27.28,26.01,91.0,1009.0,3.9,9.0,6.05,100.0
P07,14.4666,120.9847,2024-12-09,26.22,29.51,27.536666666666665,78.0,1010.0,7.38,79.0,8.36,100.0
P07,14.4666,120.9847,2024-12-16,24.94,30.39,27.131666666666664,73.0,1013.0,6.35,63.0,0.0,100.0
P07,14.4666,120.9847,2024-12-23,25.18,28.96,26.94666666666667,75.0,1010.0,6.95,85.0,0.65,100.0
P07,14.4666,120.9847,2024-12-30,24.21,28.97,26.186666666666667,80.0,1012.0,8.4,100.0,0.14,16.0
P08,14.4666,121.0056,2024-07-01,26.91,33.23,29.605,70.0,1008.0,3.48,119.0,0.0,100.0
P08,14.4666,121.0056,2024-07-08,25.74,32.4,29.003333333333334,68.0,1009.0,4.55,106.0,0.91,94.0
P08,14.4666,121.0056,2024-07-15,25.64,31.59,28.43166666666667,73.0,1008.0,6.14,114.0,13.5,100.0
P08,14.4666,121.0056,2024-07-22,25.14,27.85,26.021666666666665,96.0,1007.0,9.51,243.0,10.97,100.0
P08,14.4666,121.0056,2024-07-29,24.76,30.52,27.293333333333333,82.0,1009.0,5.61,252.0,24.25,100.0
P08,14.4666,121.0056,2024-08-05,26.42,31.59,28.503333333333334,73.0,1008.0,7.73,244.0,2.79,84.0
P08,14.4666,121.0056,2024-08-12,27.15,32.68,29.603333333333335,67.0,1007.0,6.94,250.0,0.0,18.0
P08,14.4666,121.0056,2024-08-19,26.66,34.28,29.388333333333332,62.0,1008.0,7.2,220.0,9.87,100.0
P08,14.4666,121.0056,2024-08-26,25.35,30.3,27.406666666666666,84.0,1007.0,6.5,255.0,4.11,87.0
P08,14.4666,121.0056,2024-09-02,23.4,26.11,24.88,97.0,1006.0,11.8,239.0,95.75,100.0
P08,14.4666,121.0056,2024-09-09,25.89,29.5,28.05333333333333,85.0,1009.0,5.32,352.0,0.1,100.0
P08,14.4666,121.0056,2024-09-16,25.89,30.63,28.061666666666667,80.0,1002.0,6.69,260.0,8.3,100.0
P08,14.4666,121.0056,2024-09-23,25.57,33.23,29.064999999999998,70.0,1011.0,4.74,123.0,0.16,85.0
P08,14.4666,121.0056,2024-09-30,25.63,31.93,28.478333333333335,67.0,1007.0,9.72,240.0,0.0,100.0
P08,14.4666,121.0056,2024-10-07,24.51,29.87,27.09166666666667,66.0,1010.0,3.08,129.0,7.61,56.0
P08,14.4666,121.0056,2024-10-14,27.03,30.86,28.75,72.0,1009.0,6.81,108.0,0.0,100.0
P08,14.4666,121.0056,2024-10-21,25.4,31.24,27.804999999999996,79.0,1008.0,5.26,99.0,5.31,100.0
P08,14.4666,121.0056,2024-10-28,26.18,30.9,28.343333333333334,72.0,1006.0,5.67,261.0,0.0,93.0
P08,14.4666,121.0056,2024-11-04,25.12,32.05,28.186666666666667,70.0,1010.0,5.3,94.0,0.0,98.0
P08,14.4666,121.0056,2024-11-11,25.73,30.06,27.768333333333334,81.0,1006.0,11.36,224.0,1.74,100.0
P08,14.4666,121.0056,2024-11-18,25.98,32.21,28.833333333333332,72.0,1011.0,6.9,97.0,0.0,100.0
P08,14.4666,121.0056,2024-11-25,26.22,31.78,28.731666666666666,71.0,1011.0,5.69,100.0,0.0,62.0
P08,14.4666,121.0056,2024-12-02,24.99,27.28,26.01,91.0,1009.0,3.9,9.0,6.05,100.0
P08,14.4666,121.0056,2024-12-09,26.22,29.51,27.536666666666665,78.0,1010.0,7.38,79.0,8.36,100.0
P08,14.4666,121.0056,2024-12-16,24.94,30.39,27.131666666666664,73.0,1013.0,6.35,63.0,0.0,100.0
P08,14.4666,121.0056,2024-12-23,25.18,28.96,26.94666666666667,75.0,1010.0,6.95,85.0,0.65,100.0
P08,14.4666,121.0056,2024-12-30,24.21,28.97,26.186666666666667,80.0,1012.0,8.4,100.0,0.14,16.0
P09,14.4666,121.0266,2024-07-01,26.96,33.21,29.62,69.0,1008.0,3.29,119.0,0.0,100.0
P09,14.4666,121.0266,2024-07-08,25.61,32.45,28.968333333333334,68.0,1009.0,4.36,105.0,0.91,92.0
P09,14.4666,121.0266,2024-07-15,25.73,31.46,28.405,73.0,1008.0,5.75,113.0,13.54,100.0
P09,14.4666,121.0266,2024-07-22,24.79,27.84,25.923333333333332,96.0,1007.0,9.11,243.0,10.89,100.0
P09,14.4666,121.0266,2024-07-29,24.62,30.48,27.201666666666668,82.0,1009.0,5.38,254.0,26.04,100.0
P09,14.4666,121.0266,2024-08-05,26.4,31.46,28.368333333333336,74.0,1008.0,7.39,246.0,1.98,86.0
P09,14.4666,121.0266,2024-08-12,26.95,32.71,29.548333333333332,67.0,1007.0,6.73,252.0,0.0,22.0
P09,14.4666,121.0266,2024-08-19,26.52,34.1,29.3,62.0,1008.0,7.2,220.0,8.56,100.0
P09,14.4666,121.0266,2024-08-26,25.29,30.2,27.505,81.0,1007.0,5.98,255.0,3.94,88.0
P09,14.4666,121.0266,2024-09-02,23.36,25.99,24.808333333333334,97.0,1006.0,11.25,239.0,95.85,100.0
P09,14.4666,121.0266,2024-09-09,25.97,29.47,28.046666666666667,85.0,1009.0,4.85,350.0,0.1,100.0
P09,14.4666,121.0266,2024-09-16,25.87,30.58,28.011666666666667,80.0,1002.0,6.69,260.0,8.7,100.0
P09,14.4666,121.0266,2024-09-23,25.57,33.21,29.0,70.0,1011.0,4.61,122.0,0.13,82.0
P09,14.4666,121.0266,2024-09-30,25.59,31.89,28.376666666666665,67.0,1007.0,9.45,241.0,0.0,99.0
P09,14.4666,121.0266,2024-10-07,24.47,30.0,27.08,66.0,1010.0,2.94,129.0,7.41,55.0
P09,14.4666,121.0266,2024-10-14,27.03,30.88,28.761666666666667,72.0,1009.0,6.77,106.0,0.0,100.0
P09,14.4666,121.0266,2024-10-21,25.28,31.15,27.7,79.0,1008.0,5.02,101.0,5.97,100.0
P09,14.4666,121.0266,2024-10-28,26.14,30.8,28.281666666666666,72.0,1006.0,5.87,260.0,0.0,94.0
P09,14.4666,121.0266,2024-11-04,25.02,31.98,28.081666666666667,71.0,1010.0,5.37,96.0,0.0,98.0
P09,14.4666,121.0266,2024-11-11,25.69,30.03,27.738333333333333,81.0,1006.0,11.02,224.0,1.37,100.0
P09,14.4666,121.0266,2024-11-18,25.94,32.26,28.790000000000003,72.0,1011.0,6.73,94.0,0.0,100.0
P09,14.4666,121.0266,2024-11-25,26.28,31.58,28.689999999999998,72.0,1011.0,5.8,72.0,0.0,60.0
P09,14.4666,121.0266,2024-12-02,25.0,27.25,25.91333333333333,93.0,1009.0,3.53,15.0,5.56,100.0
P09,14.4666,121.0266,2024-12-09,26.28,29.32,27.51,79.0,1010.0,7.66,79.0,8.47,100.0
P09,14.4666,121.0266,2024-12-16,25.0,30.32,27.10166666666667,73.0,1013.0,6.49,64.0,0.0,100.0
P09,14.4666,121.0266,2024-12-23,25.2,28.77,26.86,76.0,1010.0,7.23,85.0,0.71,100.0
P09,14.4666,121.0266,2024-12-30,24.2,29.47,26.236666666666665,80.0,1012.0,8.44,97.0,0.22,19.0
P10,14.4666,121.0475,2024-07-01,26.95,33.19,29.626666666666665,68.0,1008.0,3.58,120.0,0.0,100.0
P10,14.4666,121.0475,2024-07-08,25.4,31.43,28.77333333333333,68.0,1009.0,4.02,156.0,2.34,85.0
P10,14.4666,121.0475,2024-07-15,25.91,31.2,28.366666666666664,73.0,1008.0,6.26,154.0,17.27,100.0
P10,14.4666,121.0475,2024-07-22,24.82,28.18,25.916666666666668,96.0,1007.0,7.2,250.0,11.71,100.0
P10,14.4666,121.0475,2024-07-29,24.36,30.37,27.048333333333332,82.0,1009.0,3.58,312.0,30.12,100.0
P10,14.4666,121.0475,2024-08-05,26.33,31.2,28.256666666666664,74.0,1008.0,6.26,303.0,0.0,90.0
P10,14.4666,121.0475,2024-08-12,27.04,32.74,29.521666666666665,67.0,1007.0,8.05,309.0,0.0,36.0
P10,14.4666,121.0475,2024-08-19,26.14,33.74,29.118333333333336,62.0,1008.0,7.2,220.0,2.52,99.0
P10,14.4666,121.0475,2024-08-26,25.23,30.01,27.218333333333334,85.0,1007.0,4.02,272.0,9.82,93.0
P10,14.4666,121.0475,2024-09-02,23.29,25.79,24.7,97.0,1006.0,6.26,240.0,91.92,100.0
P10,14.4666,121.0475,2024-09-09,26.18,29.38,28.066666666666666,85.0,1009.0,3.13,280.0,0.0,100.0
P10,14.4666,121.0475,2024-09-16,25.86,30.51,27.94666666666667,80.0,1002.0,6.69,260.0,4.85,100.0
P10,14.4666,121.0475,2024-09-23,25.61,33.19,28.993333333333336,70.0,1011.0,4.02,102.0,0.0,72.0
P10,14.4666,121.0475,2024-09-30,25.53,31.82,28.34,67.0,1007.0,8.23,270.0,0.0,100.0
P10,14.4666,121.0475,2024-10-07,24.41,30.3,27.080000000000002,66.0,1010.0,2.77,125.0,1.07,50.0
P10,14.4666,121.0475,2024-10-14,27.16,30.59,28.75,72.0,1009.0,4.47,96.0,0.0,99.0
P10,14.4666,121.0475,2024-10-21,25.08,31.02,27.366666666666664,82.0,1009.0,3.13,96.0,9.85,100.0
P10,14.4666,121.0475,2024-10-28,26.08,30.6,28.175,72.0,1006.0,5.81,296.0,0.1,97.0
P10,14.4666,121.0475,2024-11-04,24.9,31.88,27.933333333333334,71.0,1010.0,3.58,96.0,0.1,100.0
P10,14.4666,121.0475,2024-11-11,25.69,29.97,27.72,82.0,1006.0,2.68,275.0,3.54,100.0
P10,14.4666,121.0475,2024-11-18,25.9,32.2,28.71666666666667,72.0,1011.0,4.92,91.0,0.57,100.0
P10,14.4666,121.0475,2024-11-25,26.44,31.22,28.645,73.0,1011.0,4.92,95.0,0.0,60.0
P10,14.4666,121.0475,2024-12-02,25.06,27.19,25.85166666666667,97.0,1009.0,3.52,89.0,6.13,100.0
P10,14.4666,121.0475,2024-12-09,26.35,29.03,27.49666666666667,80.0,1010.0,6.71,96.0,8.52,100.0
P10,14.4666,121.0475,2024-12-16,25.06,30.21,27.064999999999998,74.0,1013.0,6.26,90.0,0.0,94.0
P10,14.4666,121.0475,2024-12-23,25.24,28.43,26.715,76.0,1011.0,8.49,101.0,1.35,100.0
P10,14.4666,121.0475,2024-12-30,24.1,29.42,26.17,80.0,1012.0,8.19,87.0,2.66,30.0
P11,14.5063,121.0056,2024-07-01,26.79,33.04,28.996666666666666,74.0,1008.0,3.58,97.0,1.82,100.0
P11,14.5063,121.0056,2024-07-08,25.65,32.11,28.871666666666666,70.0,1009.0,4.92,176.0,4.59,94.0
P11,14.5063,121.0056,2024-07-15,25.63,31.58,28.356666666666666,74.0,1008.0,4.55,114.0,19.22,100.0
P11,14.5063,121.0056,2024-07-22,25.25,27.9,26.099999999999998,94.0,1007.0,7.2,250.0,21.18,100.0
P11,14.5063,121.0056,2024-07-29,24.9,30.21,27.323333333333334,81.0,1009.0,3.58,258.0,37.31,100.0
P11,14.5063,121.0056,2024-08-05,26.13,31.27,28.348333333333333,74.0,1008.0,4.02,246.0,3.83,83.0
P11,14.5063,121.0056,2024-08-12,27.4,32.07,29.545,71.0,1007.0,4.92,260.0,0.0,16.0
P11,14.5063,121.0056,2024-08-19,26.8,34.1,29.40833333333333,66.0,1008.0,7.2,220.0,9.85,100.0
P11,14.5063,121.0056,2024-08-26,25.28,30.97,27.438333333333333,85.0,1007.0,4.02,303.0,4.33,83.0
P11,14.5063,121.0056,2024-09-02,23.45,26.19,24.981666666666666,96.0,1005.0,5.36,216.0,81.37,100.0
P11,14.5063,121.0056,2024-09-09,25.29,29.38,27.911666666666665,85.0,1009.0,5.01,352.0,0.26,100.0
P11,14.5063,121.0056,2024-09-16,25.52,30.52,27.973333333333333,80.0,1002.0,6.69,260.0,13.05,100.0
P11,14.5063,121.0056,2024-09-23,25.32,33.04,28.885,72.0,1011.0,4.47,119.0,0.49,80.0
P11,14.5063,121.0056,2024-09-30,25.84,31.27,28.25,73.0,1007.0,8.23,270.0,0.0,100.0
P11,14.5063,121.0056,2024-10-07,24.41,30.47,27.201666666666668,64.0,1010.0,2.29,104.0,6.54,73.0
P11,14.5063,121.0056,2024-10-14,26.97,30.93,28.718333333333334,74.0,1009.0,4.02,106.0,0.72,100.0
P11,14.5063,121.0056,2024-10-21,25.17,31.38,27.753333333333334,79.0,1008.0,4.48,88.0,3.7,98.0
P11,14.5063,121.0056,2024-10-28,25.92,30.88,28.291666666666668,73.0,1006.0,4.63,270.0,0.17,95.0
P11,14.5063,121.0056,2024-11-04,24.96,32.21,28.465,69.0,1010.0,4.27,64.0,0.0,92.0
P11,14.5063,121.0056,2024-11-11,25.84,29.97,27.731666666666666,82.0,1006.0,9.59,220.0,7.24,100.0
P11,14.5063,121.0056,2024-11-18,26.26,32.14,28.948333333333334,73.0,1011.0,4.92,114.0,0.11,100.0
P11,14.5063,121.0056,2024-11-25,25.91,32.05,28.615,69.0,1011.0,5.81,96.0,0.0,66.0
P11,14.5063,121.0056,2024-12-02,25.14,27.68,26.183333333333334,91.0,1009.0,2.98,349.0,12.43,100.0
P11,14.5063,121.0056,2024-12-09,26.15,29.65,27.566666666666666,76.0,1010.0,5.32,53.0,6.72,100.0
P11,14.5063,121.0056,2024-12-16,24.73,30.25,26.99,72.0,1013.0,4.5,60.0,0.0,100.0
P11,14.5063,121.0056,2024-12-23,25.21,29.34,27.051666666666666,73.0,1011.0,5.36,81.0,0.6,100.0
P11,14.5063,121.0056,2024-12-30,23.58,29.15,26.10833333333333,80.0,1012.0,6.42,97.0,0.0,18.0
P12,14.5063,121.0266,2024-07-01,26.79,33.04,28.996666666666666,74.0,1008.0,3.58,97.0,1.82,100.0
P12,14.5063,121.0266,2024-07-08,25.65,32.11,28.871666666666666,70.0,1009.0,4.92,176.0,4.59,94.0
P12,14.5063,121.0266,2024-07-15,25.63,31.58,28.356666666666666,74.0,1008.0,4.55,114.0,19.22,100.0
P12,14.5063,121.0266,2024-07-22,25.25,27.9,26.099999999999998,94.0,1007.0,7.2,250.0,21.18,100.0
P12,14.5063,121.0266,2024-07-29,24.9,30.21,27.323333333333334,81.0,1009.0,3.58,258.0,37.31,100.0
P12,14.5063,121.0266,2024-08-05,26.13,31.27,28.348333333333333,74.0,1008.0,4.02,246.0,3.83,83.0
P12,14.5063,121.0266,2024-08-12,27.4,32.07,29.545,71.0,1007.0,4.92,260.0,0.0,16.0
P12,14.5063,121.0266,2024-08-19,26.8,34.1,29.40833333333333,66.0,1008.0,7.2,220.0,9.85,100.0
P12,14.5063,121.0266,2024-08-26,25.28,30.97,27.438333333333333,85.0,1007.0,4.02,303.0,4.33,83.0
P12,14.5063,121.0266,2024-09-02,23.45,26.19,24.981666666666666,96.0,1005.0,5.36,216.0,81.37,100.0
P12,14.5063,121.0266,2024-09-09,25.29,29.38,27.911666666666665,85.0,1009.0,5.01,352.0,0.26,100.0
P12,14.5063,121.0266,2024-09-16,25.52,30.52,27.973333333333333,80.0,1002.0,6.69,260.0,13.05,100.0
P12,14.5063,121.0266,2024-09-23,25.32,33.04,28.885,72.0,1011.0,4.47,119.0,0.49,80.0
P12,14.5063,121.0266,2024-09-30,25.84,31.27,28.25,73.0,1007.0,8.23,270.0,0.0,100.0
P12,14.5063,121.0266,2024-10-07,24.41,30.47,27.201666666666668,64.0,1010.0,2.29,104.0,6.54,73.0
P12,14.5063,121.0266,2024-10-14,26.97,30.93,28.718333333333334,74.0,1009.0,4.02,106.0,0.72,100.0
P12,14.5063,121.0266,2024-10-21,25.17,31.38,27.753333333333334,79.0,1008.0,4.48,88.0,3.7,98.0
P12,14.5063,121.0266,2024-10-28,25.92,30.88,28.291666666666668,73.0,1006.0,4.63,270.0,0.17,95.0
P12,14.5063,121.0266,2024-11-04,24.96,32.21,28.465,69.0,1010.0,4.27,64.0,0.0,92.0
P12,14.5063,121.0266,2024-11-11,25.84,29.97,27.731666666666666,82.0,1006.0,9.59,220.0,7.24,100.0
P12,14.5063,121.0266,2024-11-18,26.26,32.14,28.948333333333334,73.0,1011.0,4.92,114.0,0.11,100.0
P12,14.5063,121.0266,2024-11-25,25.91,32.05,28.615,69.0,1011.0,5.81,96.0,0.0,66.0
P12,14.5063,121.0266,2024-12-02,25.14,27.68,26.183333333333334,91.0,1009.0,2.98,349.0,12.43,100.0
P12,14.5063,121.0266,2024-12-09,26.15,29.65,27.566666666666666,76.0,1010.0,5.32,53.0,6.72,100.0
P12,14.5063,121.0266,2024-12-16,24.73,30.25,26.99,72.0,1013.0,4.5,60.0,0.0,100.0
P12,14.5063,121.0266,2024-12-23,25.21,29.34,27.051666666666666,73.0,1011.0,5.36,81.0,0.6,100.0
P12,14.5063,121.0266,2024-12-30,23.58,29.15,26.10833333333333,80.0,1012.0,6.42,97.0,0.0,18.0
P13,14.5063,121.0475,2024-07-01,26.79,33.04,28.996666666666666,74.0,1008.0,3.58,97.0,1.82,100.0
P13,14.5063,121.0475,2024-07-08,25.65,32.11,28.871666666666666,70.0,1009.0,4.92,176.0,4.59,94.0
P13,14.5063,121.0475,2024-07-15,25.63,31.58,28.356666666666666,74.0,1008.0,4.55,114.0,19.22,100.0
P13,14.5063,121.0475,2024-07-22,25.25,27.9,26.099999999999998,94.0,1007.0,7.2,250.0,21.18,100.0
P13,14.5063,121.0475,2024-07-29,24.9,30.21,27.323333333333334,81.0,1009.0,3.58,258.0,37.31,100.0
P13,14.5063,121.0475,2024-08-05,26.13,31.27,28.348333333333333,74.0,1008.0,4.02,246.0,3.83,83.0
P13,14.5063,121.0475,2024-08-12,27.4,32.07,29.545,71.0,1007.0,4.92,260.0,0.0,16.0
P13,14.5063,121.0475,2024-08-19,26.8,34.1,29.40833333333333,66.0,1008.0,7.2,220.0,9.85,100.0
P13,14.5063,121.0475,2024-08-26,25.28,30.97,27.438333333333333,85.0,1007.0,4.02,303.0,4.33,83.0
P13,14.5063,121.0475,2024-09-02,23.45,26.19,24.981666666666666,96.0,1005.0,5.36,216.0,81.37,100.0
P13,14.5063,121.0475,2024-09-09,25.29,29.38,27.911666666666665,85.0,1009.0,5.01,352.0,0.26,100.0
P13,14.5063,121.0475,2024-09-16,25.52,30.52,27.973333333333333,80.0,1002.0,6.69,260.0,13.05,100.0
P13,14.5063,121.0475,2024-09-23,25.32,33.04,28.885,72.0,1011.0,4.47,119.0,0.49,80.0
P13,14.5063,121.0475,2024-09-30,25.84,31.27,28.25,73.0,1007.0,8.23,270.0,0.0,100.0
P13,14.5063,121.0475,2024-10-07,24.41,30.47,27.201666666666668,64.0,1010.0,2.29,104.0,6.54,73.0
P13,14.5063,121.0475,2024-10-14,26.97,30.93,28.718333333333334,74.0,1009.0,4.02,106.0,0.72,100.0
P13,14.5063,121.0475,2024-10-21,25.17,31.38,27.753333333333334,79.0,1008.0,4.48,88.0,3.7,98.0
P13,14.5063,121.0475,2024-10-28,25.92,30.88,28.291666666666668,73.0,1006.0,4.63,270.0,0.17,95.0
P13,14.5063,121.0475,2024-11-04,24.96,32.21,28.465,69.0,1010.0,4.27,64.0,0.0,92.0
P13,14.5063,121.0475,2024-11-11,25.84,29.97,27.731666666666666,82.0,1006.0,9.59,220.0,7.24,100.0
P13,14.5063,121.0475,2024-11-18,26.26,32.14,28.948333333333334,73.0,1011.0,4.92,114.0,0.11,100.0
P13,14.5063,121.0475,2024-11-25,25.91,32.05,28.615,69.0,1011.0,5.81,96.0,0.0,66.0
P13,14.5063,121.0475,2024-12-02,25.14,27.68,26.183333333333334,91.0,1009.0,2.98,349.0,12.43,100.0
P13,14.5063,121.0475,2024-12-09,26.15,29.65,27.566666666666666,76.0,1010.0,5.32,53.0,6.72,100.0
P13,14.5063,121.0475,2024-12-16,24.73,30.25,26.99,72.0,1013.0,4.5,60.0,0.0,100.0
P13,14.5063,121.0475,2024-12-23,25.21,29.34,27.051666666666666,73.0,1011.0,5.36,81.0,0.6,100.0
P13,14.5063,121.0475,2024-12-30,23.58,29.15,26.10833333333333,80.0,1012.0,6.42,97.0,0.0,18.0
P14,14.546,121.0056,2024-07-01,26.79,33.04,28.996666666666666,74.0,1008.0,3.58,97.0,1.82,100.0
P14,14.546,121.0056,2024-07-08,25.65,32.11,28.871666666666666,70.0,1009.0,4.92,176.0,4.59,94.0
P14,14.546,121.0056,2024-07-15,25.63,31.58,28.356666666666666,74.0,1008.0,4.55,114.0,19.22,100.0
P14,14.546,121.0056,2024-07-22,25.25,27.9,26.099999999999998,94.0,1007.0,7.2,250.0,21.18,100.0
P14,14.546,121.0056,2024-07-29,24.9,30.21,27.323333333333334,81.0,1009.0,3.58,258.0,37.31,100.0
P14,14.546,121.0056,2024-08-05,26.13,31.27,28.348333333333333,74.0,1008.0,4.02,246.0,3.83,83.0
P14,14.546,121.0056,2024-08-12,27.4,32.07,29.545,71.0,1007.0,4.92,260.0,0.0,16.0
P14,14.546,121.0056,2024-08-19,26.8,34.1,29.40833333333333,66.0,1008.0,7.2,220.0,9.85,100.0
P14,14.546,121.0056,2024-08-26,25.28,30.97,27.438333333333333,85.0,1007.0,4.02,303.0,4.33,83.0
P14,14.546,121.0056,2024-09-02,23.45,26.19,24.981666666666666,96.0,1005.0,5.36,216.0,81.37,100.0
P14,14.546,121.0056,2024-09-09,25.29,29.38,27.911666666666665,85.0,1009.0,5.01,352.0,0.26,100.0
P14,14.546,121.0056,2024-09-16,25.52,30.52,27.973333333333333,80.0,1002.0,6.69,260.0,13.05,100.0
P14,14.546,121.0056,2024-09-23,25.32,33.04,28.885,72.0,1011.0,4.47,119.0,0.49,80.0
P14,14.546,121.0056,2024-09-30,25.84,31.27,28.25,73.0,1007.0,8.23,270.0,0.0,100.0
P14,14.546,121.0056,2024-10-07,24.41,30.47,27.201666666666668,64.0,1010.0,2.29,104.0,6.54,73.0
P14,14.546,121.0056,2024-10-14,26.97,30.93,28.718333333333334,74.0,1009.0,4.02,106.0,0.72,100.0
P14,14.546,121.0056,2024-10-21,25.17,31.38,27.753333333333334,79.0,1008.0,4.48,88.0,3.7,98.0
P14,14.546,121.0056,2024-10-28,25.92,30.88,28.291666666666668,73.0,1006.0,4.63,270.0,0.17,95.0
P14,14.546,121.0056,2024-11-04,24.96,32.21,28.465,69.0,1010.0,4.27,64.0,0.0,92.0
P14,14.546,121.0056,2024-11-11,25.84,29.97,27.731666666666666,82.0,1006.0,9.59,220.0,7.24,100.0
P14,14.546,121.0056,2024-11-18,26.26,32.14,28.948333333333334,73.0,1011.0,4.92,114.0,0.11,100.0
P14,14.546,121.0056,2024-11-25,25.91,32.05,28.615,69.0,1011.0,5.81,96.0,0.0,66.0
P14,14.546,121.0056,2024-12-02,25.14,27.68,26.183333333333334,91.0,1009.0,2.98,349.0,12.43,100.0
P14,14.546,121.0056,2024-12-09,26.15,29.65,27.566666666666666,76.0,1010.0,5.32,53.0,6.72,100.0
P14,14.546,121.0056,2024-12-16,24.73,30.25,26.99,72.0,1013.0,4.5,60.0,0.0,100.0
P14,14.546,121.0056,2024-12-23,25.21,29.34,27.051666666666666,73.0,1011.0,5.36,81.0,0.6,100.0
P14,14.546,121.0056,2024-12-30,23.58,29.15,26.10833333333333,80.0,1012.0,6.42,97.0,0.0,18.0
P15,14.546,121.0266,2024-07-01,26.79,33.04,28.996666666666666,74.0,1008.0,3.58,97.0,1.82,100.0
P15,14.546,121.0266,2024-07-08,25.65,32.11,28.871666666666666,70.0,1009.0,4.92,176.0,4.59,94.0
P15,14.546,121.0266,2024-07-15,25.63,31.58,28.356666666666666,74.0,1008.0,4.55,114.0,19.22,100.0
P15,14.546,121.0266,2024-07-22,25.25,27.9,26.099999999999998,94.0,1007.0,7.2,250.0,21.18,100.0
P15,14.546,121.0266,2024-07-29,24.9,30.21,27.323333333333334,81.0,1009.0,3.58,258.0,37.31,100.0
P15,14.546,121.0266,2024-08-05,26.13,31.27,28.348333333333333,74.0,1008.0,4.02,246.0,3.83,83.0
P15,14.546,121.0266,2024-08-12,27.4,32.07,29.545,71.0,1007.0,4.92,260.0,0.0,16.0
P15,14.546,121.0266,2024-08-19,26.8,34.1,29.40833333333333,66.0,1008.0,7.2,220.0,9.85,100.0
P15,14.546,121.0266,2024-08-26,25.28,30.97,27.438333333333333,85.0,1007.0,4.02,303.0,4.33,83.0
P15,14.546,121.0266,2024-09-02,23.45,26.19,24.981666666666666,96.0,1005.0,5.36,216.0,81.37,100.0
P15,14.546,121.0266,2024-09-09,25.29,29.38,27.911666666666665,85.0,1009.0,5.01,352.0,0.26,100.0
P15,14.546,121.0266,2024-09-16,25.52,30.52,27.973333333333333,80.0,1002.0,6.69,260.0,13.05,100.0
P15,14.546,121.0266,2024-09-23,25.32,33.04,28.885,72.0,1011.0,4.47,119.0,0.49,80.0
P15,14.546,121.0266,2024-09-30,25.84,31.27,28.25,73.0,1007.0,8.23,270.0,0.0,100.0
P15,14.546,121.0266,2024-10-07,24.41,30.47,27.201666666666668,64.0,1010.0,2.29,104.0,6.54,73.0
P15,14.546,121.0266,2024-10-14,26.97,30.93,28.718333333333334,74.0,1009.0,4.02,106.0,0.72,100.0
P15,14.546,121.0266,2024-10-21,25.17,31.38,27.753333333333334,79.0,1008.0,4.48,88.0,3.7,98.0
P15,14.546,121.0266,2024-10-28,25.92,30.88,28.291666666666668,73.0,1006.0,4.63,270.0,0.17,95.0
P15,14.546,121.0266,2024-11-04,24.96,32.21,28.465,69.0,1010.0,4.27,64.0,0.0,92.0
P15,14.546,121.0266,2024-11-11,25.84,29.97,27.731666666666666,82.0,1006.0,9.59,220.0,7.24,100.0
P15,14.546,121.0266,2024-11-18,26.26,32.14,28.948333333333334,73.0,1011.0,4.92,114.0,0.11,100.0
P15,14.546,121.0266,2024-11-25,25.91,32.05,28.615,69.0,1011.0,5.81,96.0,0.0,66.0
P15,14.546,121.0266,2024-12-02,25.14,27.68,26.183333333333334,91.0,1009.0,2.98,349.0,12.43,100.0
P15,14.546,121.0266,2024-12-09,26.15,29.65,27.566666666666666,76.0,1010.0,5.32,53.0,6.72,100.0
P15,14.546,121.0266,2024-12-16,24.73,30.25,26.99,72.0,1013.0,4.5,60.0,0.0,100.0
P15,14.546,121.0266,2024-12-23,25.21,29.34,27.051666666666666,73.0,1011.0,5.36,81.0,0.6,100.0
P15,14.546,121.0266,2024-12-30,23.58,29.15,26.10833333333333,80.0,1012.0,6.42,97.0,0.0,18.0
P16,14.546,121.0475,2024-07-01,26.79,33.04,28.996666666666666,74.0,1008.0,3.58,97.0,1.82,100.0
P16,14.546,121.0475,2024-07-08,25.65,32.11,28.871666666666666,70.0,1009.0,4.92,176.0,4.59,94.0
P16,14.546,121.0475,2024-07-15,25.63,31.58,28.356666666666666,74.0,1008.0,4.55,114.0,19.22,100.0
P16,14.546,121.0475,2024-07-22,25.25,27.9,26.099999999999998,94.0,1007.0,7.2,250.0,21.18,100.0
P16,14.546,121.0475,2024-07-29,24.9,30.21,27.323333333333334,81.0,1009.0,3.58,258.0,37.31,100.0
P16,14.546,121.0475,2024-08-05,26.13,31.27,28.348333333333333,74.0,1008.0,4.02,246.0,3.83,83.0
P16,14.546,121.0475,2024-08-12,27.4,32.07,29.545,71.0,1007.0,4.92,260.0,0.0,16.0
P16,14.546,121.0475,2024-08-19,26.8,34.1,29.40833333333333,66.0,1008.0,7.2,220.0,9.85,100.0
P16,14.546,121.0475,2024-08-26,25.28,30.97,27.438333333333333,85.0,1007.0,4.02,303.0,4.33,83.0
P16,14.546,121.0475,2024-09-02,23.45,26.19,24.981666666666666,96.0,1005.0,5.36,216.0,81.37,100.0
P16,14.546,121.0475,2024-09-09,25.29,29.38,27.911666666666665,85.0,1009.0,5.01,352.0,0.26,100.0
P16,14.546,121.0475,2024-09-16,25.52,30.52,27.973333333333333,80.0,1002.0,6.69,260.0,13.05,100.0
P16,14.546,121.0475,2024-09-23,25.32,33.04,28.885,72.0,1011.0,4.47,119.0,0.49,80.0
P16,14.546,121.0475,2024-09-30,25.84,31.27,28.25,73.0,1007.0,8.23,270.0,0.0,100.0
P16,14.546,121.0475,2024-10-07,24.41,30.47,27.201666666666668,64.0,1010.0,2.29,104.0,6.54,73.0
P16,14.546,121.0475,2024-10-14,26.97,30.93,28.718333333333334,74.0,1009.0,4.02,106.0,0.72,100.0
P16,14.546,121.0475,2024-10-21,25.17,31.38,27.753333333333334,79.0,1008.0,4.48,88.0,3.7,98.0
P16,14.546,121.0475,2024-10-28,25.92,30.88,28.291666666666668,73.0,1006.0,4.63,270.0,0.17,95.0
P16,14.546,121.0475,2024-11-04,24.96,32.21,28.465,69.0,1010.0,4.27,64.0,0.0,92.0
P16,14.546,121.0475,2024-11-11,25.84,29.97,27.731666666666666,82.0,1006.0,9.59,220.0,7.24,100.0
P16,14.546,121.0475,2024-11-18,26.26,32.14,28.948333333333334,73.0,1011.0,4.92,114.0,0.11,100.0
P16,14.546,121.0475,2024-11-25,25.91,32.05,28.615,69.0,1011.0,5.81,96.0,0.0,66.0
P16,14.546,121.0475,2024-12-02,25.14,27.68,26.183333333333334,91.0,1009.0,2.98,349.0,12.43,100.0
P16,14.546,121.0475,2024-12-09,26.15,29.65,27.566666666666666,76.0,1010.0,5.32,53.0,6.72,100.0
P16,14.546,121.0475,2024-12-16,24.73,30.25,26.99,72.0,1013.0,4.5,60.0,0.0,100.0
P16,14.546,121.0475,2024-12-23,25.21,29.34,27.051666666666666,73.0,1011.0,5.36,81.0,0.6,100.0
P16,14.546,121.0475,2024-12-30,23.58,29.15,26.10833333333333,80.0,1012.0,6.42,97.0,0.0,18.0
P17,14.546,121.0684,2024-07-01,26.79,33.04,28.996666666666666,74.0,1008.0,3.58,97.0,1.82,100.0
P17,14.546,121.0684,2024-07-08,25.65,32.11,28.871666666666666,70.0,1009.0,4.92,176.0,4.59,94.0
P17,14.546,121.0684,2024-07-15,25.63,31.58,28.356666666666666,74.0,1008.0,4.55,114.0,19.22,100.0
P17,14.546,121.0684,2024-07-22,25.25,27.9,26.099999999999998,94.0,1007.0,7.2,250.0,21.18,100.0
P17,14.546,121.0684,2024-07-29,24.9,30.21,27.323333333333334,81.0,1009.0,3.58,258.0,37.31,100.0
P17,14.546,121.0684,2024-08-05,26.13,31.27,28.348333333333333,74.0,1008.0,4.02,246.0,3.83,83.0
P17,14.546,121.0684,2024-08-12,27.4,32.07,29.545,71.0,1007.0,4.92,260.0,0.0,16.0
P17,14.546,121.0684,2024-08-19,26.8,34.1,29.40833333333333,66.0,1008.0,7.2,220.0,9.85,100.0
P17,14.546,121.0684,2024-08-26,25.28,30.97,27.438333333333333,85.0,1007.0,4.02,303.0,4.33,83.0
P17,14.546,121.0684,2024-09-02,23.45,26.19,24.981666666666666,96.0,1005.0,5.36,216.0,81.37,100.0
P17,14.546,121.0684,2024-09-09,25.29,29.38,27.911666666666665,85.0,1009.0,5.01,352.0,0.26,100.0
P17,14.546,121.0684,2024-09-16,25.52,30.52,27.973333333333333,80.0,1002.0,6.69,260.0,13.05,100.0
P17,14.546,121.0684,2024-09-23,25.32,33.04,28.885,72.0,1011.0,4.47,119.0,0.49,80.0
P17,14.546,121.0684,2024-09-30,25.84,31.27,28.25,73.0,1007.0,8.23,270.0,0.0,100.0
P17,14.546,121.0684,2024-10-07,24.41,30.47,27.201666666666668,64.0,1010.0,2.29,104.0,6.54,73.0
P17,14.546,121.0684,2024-10-14,26.97,30.93,28.718333333333334,74.0,1009.0,4.02,106.0,0.72,100.0
P17,14.546,121.0684,2024-10-21,25.17,31.38,27.753333333333334,79.0,1008.0,4.48,88.0,3.7,98.0
P17,14.546,121.0684,2024-10-28,25.92,30.88,28.291666666666668,73.0,1006.0,4.63,270.0,0.17,95.0
P17,14.546,121.0684,2024-11-04,24.96,32.21,28.465,69.0,1010.0,4.27,64.0,0.0,92.0
P17,14.546,121.0684,2024-11-11,25.84,29.97,27.731666666666666,82.0,1006.0,9.59,220.0,7.24,100.0
P17,14.546,121.0684,2024-11-18,26.26,32.14,28.948333333333334,73.0,1011.0,4.92,114.0,0.11,100.0
P17,14.546,121.0684,2024-11-25,25.91,32.05,28.615,69.0,1011.0,5.81,96.0,0.0,66.0
P17,14.546,121.0684,2024-12-02,25.14,27.68,26.183333333333334,91.0,1009.0,2.98,349.0,12.43,100.0
P17,14.546,121.0684,2024-12-09,26.15,29.65,27.566666666666666,76.0,1010.0,5.32,53.0,6.72,100.0
P17,14.546,121.0684,2024-12-16,24.73,30.25,26.99,72.0,1013.0,4.5,60.0,0.0,100.0
P17,14.546,121.0684,2024-12-23,25.21,29.34,27.051666666666666,73.0,1011.0,5.36,81.0,0.6,100.0
P17,14.546,121.0684,2024-12-30,23.58,29.15,26.10833333333333,80.0,1012.0,6.42,97.0,0.0,18.0
P18,14.546,121.0893,2024-07-01,26.79,33.04,29.485,73.0,1008.0,2.74,86.0,2.53,100.0
P18,14.546,121.0893,2024-07-08,25.67,32.21,28.96166666666667,68.0,1009.0,2.58,96.0,5.08,92.0
P18,14.546,121.0893,2024-07-15,25.51,31.66,28.381666666666664,74.0,1008.0,4.33,108.0,19.04,100.0
P18,14.546,121.0893,2024-07-22,25.17,27.9,26.08666666666667,94.0,1007.0,8.22,250.0,25.02,100.0
P18,14.546,121.0893,2024-07-29,24.97,30.38,27.41,81.0,1009.0,4.73,262.0,37.52,100.0
P18,14.546,121.0893,2024-08-05,26.34,31.53,28.505,73.0,1008.0,6.41,249.0,3.64,82.0
P18,14.546,121.0893,2024-08-12,27.33,32.3,29.595,70.0,1007.0,5.81,258.0,0.0,15.0
P18,14.546,121.0893,2024-08-19,26.89,34.36,29.471666666666664,63.0,1008.0,7.2,220.0,6.92,99.0
P18,14.546,121.0893,2024-08-26,25.4,30.8,27.486666666666665,85.0,1007.0,5.29,265.0,4.85,87.0
P18,14.546,121.0893,2024-09-02,23.45,26.26,25.011666666666667,96.0,1005.0,9.76,241.0,80.39,100.0
P18,14.546,121.0893,2024-09-09,25.56,29.47,28.008333333333336,85.0,1009.0,4.36,345.0,0.0,100.0
P18,14.546,121.0893,2024-09-16,25.72,30.61,28.076666666666668,80.0,1002.0,6.69,260.0,13.96,100.0
P18,14.546,121.0893,2024-09-23,25.47,33.02,29.025000000000002,70.0,1011.0,3.28,115.0,0.59,76.0
P18,14.546,121.0893,2024-09-30,25.75,31.63,28.41,71.0,1007.0,8.23,270.0,0.0,100.0
P18,14.546,121.0893,2024-10-07,24.49,30.51,27.23,65.0,1010.0,2.14,97.0,6.24,71.0
P18,14.546,121.0893,2024-10-14,27.07,31.16,28.853333333333335,71.0,1009.0,3.99,86.0,0.79,100.0
P18,14.546,121.0893,2024-10-21,25.41,31.35,27.878333333333334,79.0,1008.0,4.53,56.0,9.21,99.0
P18,14.546,121.0893,2024-10-28,26.1,30.95,28.378333333333334,72.0,1006.0,5.02,290.0,0.26,92.0
P18,14.546,121.0893,2024-11-04,25.25,32.27,28.46166666666667,69.0,1010.0,4.7,62.0,0.0,94.0
P18,14.546,121.0893,2024-11-11,25.84,30.05,27.786666666666665,81.0,1006.0,8.53,219.0,7.3,100.0
P18,14.546,121.0893,2024-11-18,26.15,32.1,28.926666666666666,73.0,1011.0,5.9,97.0,0.13,100.0
P18,14.546,121.0893,2024-11-25,26.04,32.07,28.715,69.0,1011.0,4.54,72.0,0.0,43.0
P18,14.546,121.0893,2024-12-02,25.04,27.5,26.084999999999997,91.0,1009.0,1.74,343.0,13.85,100.0
P18,14.546,121.0893,2024-12-09,26.15,29.81,27.576666666666664,76.0,1010.0,5.41,75.0,7.36,100.0
P18,14.546,121.0893,2024-12-16,24.74,30.61,27.121666666666666,72.0,1013.0,4.14,63.0,0.0,90.0
P18,14.546,121.0893,2024-12-23,25.28,29.37,27.118333333333336,73.0,1011.0,5.57,75.0,1.04,100.0
P18,14.546,121.0893,2024-12-30,23.95,28.95,26.16,81.0,1012.0,6.63,90.0,0.14,14.0
P19,14.5858,120.9847,2024-07-01,26.93,33.28,29.186666666666667,75.0,1008.0,5.81,231.0,0.0,100.0
P19,14.5858,120.9847,2024-07-08,25.72,32.21,28.941666666666666,71.0,1009.0,4.47,316.0,5.53,95.0
P19,14.5858,120.9847,2024-07-15,25.9,31.7,28.525000000000002,74.0,1008.0,4.47,230.0,18.38,100.0
P19,14.5858,120.9847,2024-07-22,25.14,28.15,26.258333333333336,93.0,1007.0,8.49,216.0,20.22,100.0
P19,14.5858,120.9847,2024-07-29,24.99,30.23,27.438333333333333,80.0,1009.0,5.36,193.0,20.1,100.0
P19,14.5858,120.9847,2024-08-05,26.04,31.31,28.493333333333336,74.0,1007.0,11.62,209.0,4.81,85.0
P19,14.5858,120.9847,2024-08-12,27.5,32.03,29.663333333333338,72.0,1007.0,16.09,217.0,0.0,16.0
P19,14.5858,120.9847,2024-08-19,26.79,33.94,29.385,69.0,1008.0,7.2,220.0,12.25,100.0
P19,14.5858,120.9847,2024-08-26,25.28,32.29,27.738333333333333,85.0,1007.0,13.41,221.0,2.86,81.0
P19,14.5858,120.9847,2024-09-02,23.67,26.28,25.133333333333336,96.0,1005.0,17.43,168.0,96.02,100.0
P19,14.5858,120.9847,2024-09-09,25.27,30.0,28.314999999999998,79.0,1009.0,5.13,355.0,0.34,75.0
P19,14.5858,120.9847,2024-09-16,25.45,31.0,28.128333333333334,80.0,1002.0,6.69,260.0,15.09,100.0
P19,14.5858,120.9847,2024-09-23,25.31,33.28,28.886666666666667,73.0,1011.0,6.71,26.0,0.31,79.0
P19,14.5858,120.9847,2024-09-30,25.9,31.21,28.241666666666664,74.0,1007.0,19.67,229.0,0.0,100.0
P19,14.5858,120.9847,2024-10-07,24.5,30.51,27.285,64.0,1010.0,2.35,110.0,6.46,74.0
P19,14.5858,120.9847,2024-10-14,27.06,30.78,28.685000000000002,75.0,1009.0,4.57,112.0,0.47,100.0
P19,14.5858,120.9847,2024-10-21,25.03,31.62,27.765,79.0,1008.0,9.39,64.0,6.42,97.0
P19,14.5858,120.9847,2024-10-28,26.14,31.03,28.503333333333334,71.0,1006.0,8.94,323.0,0.0,40.0
P19,14.5858,120.9847,2024-11-04,24.83,32.67,28.713333333333335,67.0,1010.0,9.83,351.0,0.0,75.0
P19,14.5858,120.9847,2024-11-11,26.01,30.06,27.85666666666667,82.0,1005.0,13.86,230.0,9.77,100.0
P19,14.5858,120.9847,2024-11-18,26.51,32.54,29.16333333333333,73.0,1011.0,4.39,104.0,0.0,100.0
P19,14.5858,120.9847,2024-11-25,25.85,32.24,28.715000000000003,68.0,1011.0,6.26,97.0,0.0,79.0
P19,14.5858,120.9847,2024-12-02,25.4,28.03,26.476666666666663,91.0,1009.0,4.19,355.0,11.32,100.0
P19,14.5858,120.9847,2024-12-09,26.21,29.66,27.7,77.0,1010.0,9.39,16.0,5.94,100.0
P19,14.5858,120.9847,2024-12-16,24.92,30.16,27.043333333333333,73.0,1013.0,5.81,354.0,0.0,99.0
P19,14.5858,120.9847,2024-12-23,25.21,29.47,27.13,74.0,1011.0,4.65,67.0,0.73,100.0
P19,14.5858,120.9847,2024-12-30,23.49,29.42,26.198333333333334,80.0,1011.0,5.84,95.0,0.0,19.0
P20,14.5858,121.0056,2024-07-01,26.93,33.28,29.186666666666667,75.0,1008.0,5.81,231.0,0.0,100.0
P20,14.5858,121.0056,2024-07-08,25.72,32.21,28.941666666666666,71.0,1009.0,4.47,316.0,5.53,95.0
P20,14.5858,121.0056,2024-07-15,25.9,31.7,28.525000000000002,74.0,1008.0,4.47,230.0,18.38,100.0
P20,14.5858,121.0056,2024-07-22,25.14,28.15,26.258333333333336,93.0,1007.0,8.49,216.0,20.22,100.0
P20,14.5858,121.0056,2024-07-29,24.99,30.23,27.438333333333333,80.0,1009.0,5.36,193.0,20.1,100.0
P20,14.5858,121.0056,2024-08-05,26.04,31.31,28.493333333333336,74.0,1007.0,11.62,209.0,4.81,85.0
P20,14.5858,121.0056,2024-08-12,27.5,32.03,29.663333333333338,72.0,1007.0,16.09,217.0,0.0,16.0
P20,14.5858,121.0056,2024-08-19,26.79,33.94,29.385,69.0,1008.0,7.2,220.0,12.25,100.0
P20,14.5858,121.0056,2024-08-26,25.28,32.29,27.738333333333333,85.0,1007.0,13.41,221.0,2.86,81.0
P20,14.5858,121.0056,2024-09-02,23.67,26.28,25.133333333333336,96.0,1005.0,17.43,168.0,96.02,100.0
P20,14.5858,121.0056,2024-09-09,25.27,30.0,28.314999999999998,79.0,1009.0,5.13,355.0,0.34,75.0
P20,14.5858,121.0056,2024-09-16,25.45,31.0,28.128333333333334,80.0,1002.0,6.69,260.0,15.09,100.0
P20,14.5858,121.0056,2024-09-23,25.31,33.28,28.886666666666667,73.0,1011.0,6.71,26.0,0.31,79.0
P20,14.5858,121.0056,2024-09-30,25.9,31.21,28.241666666666664,74.0,1007.0,19.67,229.0,0.0,100.0
P20,14.5858,121.0056,2024-10-07,24.5,30.51,27.285,64.0,1010.0,2.35,110.0,6.46,74.0
P20,14.5858,121.0056,2024-10-14,27.06,30.78,28.685000000000002,75.0,1009.0,4.57,112.0,0.47,100.0
P20,14.5858,121.0056,2024-10-21,25.03,31.62,27.765,79.0,1008.0,9.39,64.0,6.42,97.0
P20,14.5858,121.0056,2024-10-28,26.14,31.03,28.503333333333334,71.0,1006.0,8.94,323.0,0.0,40.0
P20,14.5858,121.0056,2024-11-04,24.83,32.67,28.713333333333335,67.0,1010.0,9.83,351.0,0.0,75.0
P20,14.5858,121.0056,2024-11-11,26.01,30.06,27.85666666666667,82.0,1005.0,13.86,230.0,9.77,100.0
P20,14.5858,121.0056,2024-11-18,26.51,32.54,29.16333333333333,73.0,1011.0,4.39,104.0,0.0,100.0
P20,14.5858,121.0056,2024-11-25,25.85,32.24,28.715000000000003,68.0,1011.0,6.26,97.0,0.0,79.0
P20,14.5858,121.0056,2024-12-02,25.4,28.03,26.476666666666663,91.0,1009.0,4.19,355.0,11.32,100.0
P20,14.5858,121.0056,2024-12-09,26.21,29.66,27.7,77.0,1010.0,9.39,16.0,5.94,100.0
P20,14.5858,121.0056,2024-12-16,24.92,30.16,27.043333333333333,73.0,1013.0,5.81,354.0,0.0,99.0
P20,14.5858,121.0056,2024-12-23,25.21,29.47,27.13,74.0,1011.0,4.65,67.0,0.73,100.0
P20,14.5858,121.0056,2024-12-30,23.49,29.42,26.198333333333334,80.0,1011.0,5.84,95.0,0.0,19.0
P21,14.5858,121.0266,2024-07-01,26.79,33.04,28.996666666666666,74.0,1008.0,3.58,97.0,1.82,100.0
P21,14.5858,121.0266,2024-07-08,25.65,32.11,28.871666666666666,70.0,1009.0,4.92,176.0,4.59,94.0
P21,14.5858,121.0266,2024-07-15,25.63,31.58,28.356666666666666,74.0,1008.0,4.55,114.0,19.22,100.0
P21,14.5858,121.0266,2024-07-22,25.25,27.9,26.099999999999998,94.0,1007.0,7.2,250.0,21.18,100.0
P21,14.5858,121.0266,2024-07-29,24.9,30.21,27.323333333333334,81.0,1009.0,3.58,258.0,37.31,100.0
P21,14.5858,121.0266,2024-08-05,26.13,31.27,28.348333333333333,74.0,1008.0,4.02,246.0,3.83,83.0
P21,14.5858,121.0266,2024-08-12,27.4,32.07,29.545,71.0,1007.0,4.92,260.0,0.0,16.0
P21,14.5858,121.0266,2024-08-19,26.8,34.1,29.40833333333333,66.0,1008.0,7.2,220.0,9.85,100.0
P21,14.5858,121.0266,2024-08-26,25.28,30.97,27.438333333333333,85.0,1007.0,4.02,303.0,4.33,83.0
P21,14.5858,121.0266,2024-09-02,23.45,26.19,24.981666666666666,96.0,1005.0,5.36,216.0,81.37,100.0
P21,14.5858,121.0266,2024-09-09,25.29,29.38,27.911666666666665,85.0,1009.0,5.01,352.0,0.26,100.0
P21,14.5858,121.0266,2024-09-16,25.52,30.52,27.973333333333333,80.0,1002.0,6.69,260.0,13.05,100.0
P21,14.5858,121.0266,2024-09-23,25.32,33.04,28.885,72.0,1011.0,4.47,119.0,0.49,80.0
P21,14.5858,121.0266,2024-09-30,25.84,31.27,28.25,73.0,1007.0,8.23,270.0,0.0,100.0
P21,14.5858,121.0266,2024-10-07,24.41,30.47,27.201666666666668,64.0,1010.0,2.29,104.0,6.54,73.0
P21,14.5858,121.0266,2024-10-14,26.97,30.93,28.718333333333334,74.0,1009.0,4.02,106.0,0.72,100.0
P21,14.5858,121.0266,2024-10-21,25.17,31.38,27.753333333333334,79.0,1008.0,4.48,88.0,3.7,98.0
P21,14.5858,121.0266,2024-10-28,25.92,30.88,28.291666666666668,73.0,1006.0,4.63,270.0,0.17,95.0
P21,14.5858,121.0266,2024-11-04,24.96,32.21,28.465,69.0,1010.0,4.27,64.0,0.0,92.0
P21,14.5858,121.0266,2024-11-11,25.84,29.97,27.731666666666666,82.0,1006.0,9.59,220.0,7.24,100.0
P21,14.5858,121.0266,2024-11-18,26.26,32.14,28.948333333333334,73.0,1011.0,4.92,114.0,0.11,100.0
P21,14.5858,121.0266,2024-11-25,25.91,32.05,28.615,69.0,1011.0,5.81,96.0,0.0,66.0
P21,14.5858,121.0266,2024-12-02,25.14,27.68,26.183333333333334,91.0,1009.0,2.98,349.0,12.43,100.0
P21,14.5858,121.0266,2024-12-09,26.15,29.65,27.566666666666666,76.0,1010.0,5.32,53.0,6.72,100.0
P21,14.5858,121.0266,2024-12-16,24.73,30.25,26.99,72.0,1013.0,4.5,60.0,0.0,100.0
P21,14.5858,121.0266,2024-12-23,25.21,29.34,27.051666666666666,73.0,1011.0,5.36,81.0,0.6,100.0
P21,14.5858,121.0266,2024-12-30,23.58,29.15,26.10833333333333,80.0,1012.0,6.42,97.0,0.0,18.0
P22,14.5858,121.0475,2024-07-01,26.79,33.04,28.996666666666666,74.0,1008.0,3.58,97.0,1.82,100.0
P22,14.5858,121.0475,2024-07-08,25.65,32.11,28.871666666666666,70.0,1009.0,4.92,176.0,4.59,94.0
P22,14.5858,121.0475,2024-07-15,25.63,31.58,28.356666666666666,74.0,1008.0,4.55,114.0,19.22,100.0
P22,14.5858,121.0475,2024-07-22,25.25,27.9,26.099999999999998,94.0,1007.0,7.2,250.0,21.18,100.0
P22,14.5858,121.0475,2024-07-29,24.9,30.21,27.323333333333334,81.0,1009.0,3.58,258.0,37.31,100.0
P22,14.5858,121.0475,2024-08-05,26.13,31.27,28.348333333333333,74.0,1008.0,4.02,246.0,3.83,83.0
P22,14.5858,121.0475,2024-08-12,27.4,32.07,29.545,71.0,1007.0,4.92,260.0,0.0,16.0
P22,14.5858,121.0475,2024-08-19,26.8,34.1,29.40833333333333,66.0,1008.0,7.2,220.0,9.85,100.0
P22,14.5858,121.0475,2024-08-26,25.28,30.97,27.438333333333333,85.0,1007.0,4.02,303.0,4.33,83.0
P22,14.5858,121.0475,2024-09-02,23.45,26.19,24.981666666666666,96.0,1005.0,5.36,216.0,81.37,100.0
P22,14.5858,121.0475,2024-09-09,25.29,29.38,27.911666666666665,85.0,1009.0,5.01,352.0,0.26,100.0
P22,14.5858,121.0475,2024-09-16,25.52,30.52,27.973333333333333,80.0,1002.0,6.69,260.0,13.05,100.0
P22,14.5858,121.0475,2024-09-23,25.32,33.04,28.885,72.0,1011.0,4.47,119.0,0.49,80.0
P22,14.5858,121.0475,2024-09-30,25.84,31.27,28.25,73.0,1007.0,8.23,270.0,0.0,100.0
P22,14.5858,121.0475,2024-10-07,24.41,30.47,27.201666666666668,64.0,1010.0,2.29,104.0,6.54,73.0
P22,14.5858,121.0475,2024-10-14,26.97,30.93,28.718333333333334,74.0,1009.0,4.02,106.0,0.72,100.0
P22,14.5858,121.0475,2024-10-21,25.17,31.38,27.753333333333334,79.0,1008.0,4.48,88.0,3.7,98.0
P22,14.5858,121.0475,2024-10-28,25.92,30.88,28.291666666666668,73.0,1006.0,4.63,270.0,0.17,95.0
P22,14.5858,121.0475,2024-11-04,24.96,32.21,28.465,69.0,1010.0,4.27,64.0,0.0,92.0
P22,14.5858,121.0475,2024-11-11,25.84,29.97,27.731666666666666,82.0,1006.0,9.59,220.0,7.24,100.0
P22,14.5858,121.0475,2024-11-18,26.26,32.14,28.948333333333334,73.0,1011.0,4.92,114.0,0.11,100.0
P22,14.5858,121.0475,2024-11-25,25.91,32.05,28.615,69.0,1011.0,5.81,96.0,0.0,66.0
P22,14.5858,121.0475,2024-12-02,25.14,27.68,26.183333333333334,91.0,1009.0,2.98,349.0,12.43,100.0
P22,14.5858,121.0475,2024-12-09,26.15,29.65,27.566666666666666,76.0,1010.0,5.32,53.0,6.72,100.0
P22,14.5858,121.0475,2024-12-16,24.73,30.25,26.99,72.0,1013.0,4.5,60.0,0.0,100.0
P22,14.5858,121.0475,2024-12-23,25.21,29.34,27.051666666666666,73.0,1011.0,5.36,81.0,0.6,100.0
P22,14.5858,121.0475,2024-12-30,23.58,29.15,26.10833333333333,80.0,1012.0,6.42,97.0,0.0,18.0
P23,14.5858,121.0684,2024-07-01,26.79,33.04,28.996666666666666,74.0,1008.0,3.58,97.0,1.82,100.0
P23,14.5858,121.0684,2024-07-08,25.65,32.11,28.871666666666666,70.0,1009.0,4.92,176.0,4.59,94.0
P23,14.5858,121.0684,2024-07-15,25.63,31.58,28.356666666666666,74.0,1008.0,4.55,114.0,19.22,100.0
P23,14.5858,121.0684,2024-07-22,25.25,27.9,26.099999999999998,94.0,1007.0,7.2,250.0,21.18,100.0
P23,14.5858,121.0684,2024-07-29,24.9,30.21,27.323333333333334,81.0,1009.0,3.58,258.0,37.31,100.0
P23,14.5858,121.0684,2024-08-05,26.13,31.27,28.348333333333333,74.0,1008.0,4.02,246.0,3.83,83.0
P23,14.5858,121.0684,2024-08-12,27.4,32.07,29.545,71.0,1007.0,4.92,260.0,0.0,16.0
P23,14.5858,121.0684,2024-08-19,26.8,34.1,29.40833333333333,66.0,1008.0,7.2,220.0,9.85,100.0
P23,14.5858,121.0684,2024-08-26,25.28,30.97,27.438333333333333,85.0,1007.0,4.02,303.0,4.33,83.0
P23,14.5858,121.0684,2024-09-02,23.45,26.19,24.981666666666666,96.0,1005.0,5.36,216.0,81.37,100.0
P23,14.5858,121.0684,2024-09-09,25.29,29.38,27.911666666666665,85.0,1009.0,5.01,352.0,0.26,100.0
P23,14.5858,121.0684,2024-09-16,25.52,30.52,27.973333333333333,80.0,1002.0,6.69,260.0,13.05,100.0
P23,14.5858,121.0684,2024-09-23,25.32,33.04,28.885,72.0,1011.0,4.47,119.0,0.49,80.0
P23,14.5858,121.0684,2024-09-30,25.84,31.27,28.25,73.0,1007.0,8.23,270.0,0.0,100.0
P23,14.5858,121.0684,2024-10-07,24.41,30.47,27.201666666666668,64.0,1010.0,2.29,104.0,6.54,73.0
P23,14.5858,121.0684,2024-10-14,26.97,30.93,28.718333333333334,74.0,1009.0,4.02,106.0,0.72,100.0
P23,14.5858,121.0684,2024-10-21,25.17,31.38,27.753333333333334,79.0,1008.0,4.48,88.0,3.7,98.0
P23,14.5858,121.0684,2024-10-28,25.92,30.88,28.291666666666668,73.0,1006.0,4.63,270.0,0.17,95.0
P23,14.5858,121.0684,2024-11-04,24.96,32.21,28.465,69.0,1010.0,4.27,64.0,0.0,92.0
P23,14.5858,121.0684,2024-11-11,25.84,29.97,27.731666666666666,82.0,1006.0,9.59,220.0,7.24,100.0
P23,14.5858,121.0684,2024-11-18,26.26,32.14,28.948333333333334,73.0,1011.0,4.92,114.0,0.11,100.0
P23,14.5858,121.0684,2024-11-25,25.91,32.05,28.615,69.0,1011.0,5.81,96.0,0.0,66.0
P23,14.5858,121.0684,2024-12-02,25.14,27.68,26.183333333333334,91.0,1009.0,2.98,349.0,12.43,100.0
P23,14.5858,121.0684,2024-12-09,26.15,29.65,27.566666666666666,76.0,1010.0,5.32,53.0,6.72,100.0
P23,14.5858,121.0684,2024-12-16,24.73,30.25,26.99,72.0,1013.0,4.5,60.0,0.0,100.0
P23,14.5858,121.0684,2024-12-23,25.21,29.34,27.051666666666666,73.0,1011.0,5.36,81.0,0.6,100.0
P23,14.5858,121.0684,2024-12-30,23.58,29.15,26.10833333333333,80.0,1012.0,6.42,97.0,0.0,18.0
P24,14.5858,121.0893,2024-07-01,26.79,33.04,29.485,73.0,1008.0,2.74,86.0,2.53,100.0
P24,14.5858,121.0893,2024-07-08,25.67,32.21,28.96166666666667,68.0,1009.0,2.58,96.0,5.08,92.0
P24,14.5858,121.0893,2024-07-15,25.51,31.66,28.381666666666664,74.0,1008.0,4.33,108.0,19.04,100.0
P24,14.5858,121.0893,2024-07-22,25.17,27.9,26.08666666666667,94.0,1007.0,8.22,250.0,25.02,100.0
P24,14.5858,121.0893,2024-07-29,24.97,30.38,27.41,81.0,1009.0,4.73,262.0,37.52,100.0
P24,14.5858,121.0893,2024-08-05,26.34,31.53,28.505,73.0,1008.0,6.41,249.0,3.64,82.0
P24,14.5858,121.0893,2024-08-12,27.33,32.3,29.595,70.0,1007.0,5.81,258.0,0.0,15.0
P24,14.5858,121.0893,2024-08-19,26.89,34.36,29.471666666666664,63.0,1008.0,7.2,220.0,6.92,99.0
P24,14.5858,121.0893,2024-08-26,25.4,30.8,27.486666666666665,85.0,1007.0,5.29,265.0,4.85,87.0
P24,14.5858,121.0893,2024-09-02,23.45,26.26,25.011666666666667,96.0,1005.0,9.76,241.0,80.39,100.0
P24,14.5858,121.0893,2024-09-09,25.56,29.47,28.008333333333336,85.0,1009.0,4.36,345.0,0.0,100.0
P24,14.5858,121.0893,2024-09-16,25.72,30.61,28.076666666666668,80.0,1002.0,6.69,260.0,13.96,100.0
P24,14.5858,121.0893,2024-09-23,25.47,33.02,29.025000000000002,70.0,1011.0,3.28,115.0,0.59,76.0
P24,14.5858,121.0893,2024-09-30,25.75,31.63,28.41,71.0,1007.0,8.23,270.0,0.0,100.0
P24,14.5858,121.0893,2024-10-07,24.49,30.51,27.23,65.0,1010.0,2.14,97.0,6.24,71.0
P24,14.5858,121.0893,2024-10-14,27.07,31.16,28.853333333333335,71.0,1009.0,3.99,86.0,0.79,100.0
P24,14.5858,121.0893,2024-10-21,25.41,31.35,27.878333333333334,79.0,1008.0,4.53,56.0,9.21,99.0
P24,14.5858,121.0893,2024-10-28,26.1,30.95,28.378333333333334,72.0,1006.0,5.02,290.0,0.26,92.0
P24,14.5858,121.0893,2024-11-04,25.25,32.27,28.46166666666667,69.0,1010.0,4.7,62.0,0.0,94.0
P24,14.5858,121.0893,2024-11-11,25.84,30.05,27.786666666666665,81.0,1006.0,8.53,219.0,7.3,100.0
P24,14.5858,121.0893,2024-11-18,26.15,32.1,28.926666666666666,73.0,1011.0,5.9,97.0,0.13,100.0
P24,14.5858,121.0893,2024-11-25,26.04,32.07,28.715,69.0,1011.0,4.54,72.0,0.0,43.0
P24,14.5858,121.0893,2024-12-02,25.04,27.5,26.084999999999997,91.0,1009.0,1.74,343.0,13.85,100.0
P24,14.5858,121.0893,2024-12-09,26.15,29.81,27.576666666666664,76.0,1010.0,5.41,75.0,7.36,100.0
P24,14.5858,121.0893,2024-12-16,24.74,30.61,27.121666666666666,72.0,1013.0,4.14,63.0,0.0,90.0
P24,14.5858,121.0893,2024-12-23,25.28,29.37,27.118333333333336,73.0,1011.0,5.57,75.0,1.04,100.0
P24,14.5858,121.0893,2024-12-30,23.95,28.95,26.16,81.0,1012.0,6.63,90.0,0.14,14.0
P25,14.6255,120.9638,2024-07-01,26.92,33.29,29.19333333333333,74.0,1008.0,5.81,231.0,1.24,100.0
P25,14.6255,120.9638,2024-07-08,25.71,32.21,28.936666666666667,71.0,1009.0,4.47,316.0,4.34,95.0
P25,14.6255,120.9638,2024-07-15,25.88,31.7,28.526666666666667,74.0,1008.0,4.47,230.0,23.74,100.0
P25,14.6255,120.9638,2024-07-22,25.1,28.13,26.258333333333336,93.0,1007.0,8.49,216.0,19.17,100.0
P25,14.6255,120.9638,2024-07-29,24.99,30.22,27.400000000000002,80.0,1009.0,5.36,193.0,28.37,100.0
P25,14.6255,120.9638,2024-08-05,26.02,31.34,28.355,74.0,1007.0,11.62,209.0,5.73,85.0
P25,14.6255,120.9638,2024-08-12,27.5,32.02,29.671666666666667,72.0,1007.0,16.09,217.0,0.0,16.0
P25,14.6255,120.9638,2024-08-19,26.76,33.92,29.338333333333335,69.0,1008.0,7.2,220.0,16.07,100.0
P25,14.6255,120.9638,2024-08-26,25.27,32.29,27.74,85.0,1007.0,13.41,221.0,3.0,81.0
P25,14.6255,120.9638,2024-09-02,23.69,26.25,25.138333333333335,96.0,1005.0,17.43,168.0,88.1,100.0
P25,14.6255,120.9638,2024-09-09,25.26,29.47,28.005,85.0,1009.0,5.11,355.0,0.68,100.0
P25,14.6255,120.9638,2024-09-16,25.43,30.61,28.021666666666665,80.0,1002.0,6.69,260.0,15.34,100.0
P25,14.6255,120.9638,2024-09-23,25.3,33.29,28.878333333333334,74.0,1011.0,3.58,346.0,0.72,79.0
P25,14.6255,120.9638,2024-09-30,25.87,31.21,28.23,74.0,1007.0,17.43,231.0,0.0,100.0
P25,14.6255,120.9638,2024-10-07,24.5,30.54,27.28833333333333,64.0,1010.0,2.33,110.0,7.41,75.0
P25,14.6255,120.9638,2024-10-14,27.06,30.8,28.748333333333335,76.0,1009.0,5.81,215.0,0.88,100.0
P25,14.6255,120.9638,2024-10-21,25.0,31.63,27.76,79.0,1008.0,9.39,64.0,2.6,97.0
P25,14.6255,120.9638,2024-10-28,25.88,31.03,28.388333333333335,73.0,1006.0,8.94,323.0,0.0,95.0
P25,14.6255,120.9638,2024-11-04,24.81,32.69,28.705,69.0,1010.0,9.83,351.0,0.0,89.0
P25,14.6255,120.9638,2024-11-11,26.02,30.07,27.863333333333333,82.0,1005.0,13.86,230.0,10.18,100.0
P25,14.6255,120.9638,2024-11-18,26.53,32.57,29.176666666666666,73.0,1011.0,6.71,59.0,0.0,100.0
P25,14.6255,120.9638,2024-11-25,25.83,32.2,28.661666666666665,69.0,1011.0,6.26,97.0,0.0,79.0
P25,14.6255,120.9638,2024-12-02,25.42,28.06,26.463333333333335,91.0,1009.0,4.19,355.0,11.5,100.0
P25,14.6255,120.9638,2024-12-09,26.21,29.69,27.709999999999997,77.0,1010.0,9.39,16.0,5.77,100.0
P25,14.6255,120.9638,2024-12-16,24.93,30.15,27.041666666666668,73.0,1013.0,5.81,22.0,0.0,99.0
P25,14.6255,120.9638,2024-12-23,25.2,29.47,27.13,74.0,1011.0,5.37,79.0,0.46,100.0
P25,14.6255,120.9638,2024-12-30,23.48,29.43,26.19666666666667,80.0,1011.0,5.84,95.0,0.0,19.0
P26,14.6255,120.9847,2024-07-01,26.92,33.29,29.19333333333333,74.0,1008.0,5.81,231.0,1.24,100.0
P26,14.6255,120.9847,2024-07-08,25.71,32.21,28.936666666666667,71.0,1009.0,4.47,316.0,4.34,95.0
P26,14.6255,120.9847,2024-07-15,25.88,31.7,28.526666666666667,74.0,1008.0,4.47,230.0,23.74,100.0
P26,14.6255,120.9847,2024-07-22,25.1,28.13,26.258333333333336,93.0,1007.0,8.49,216.0,19.17,100.0
P26,14.6255,120.9847,2024-07-29,24.99,30.22,27.400000000000002,80.0,1009.0,5.36,193.0,28.37,100.0
P26,14.6255,120.9847,2024-08-05,26.02,31.34,28.355,74.0,1007.0,11.62,209.0,5.73,85.0
P26,14.6255,120.9847,2024-08-12,27.5,32.02,29.671666666666667,72.0,1007.0,16.09,217.0,0.0,16.0
P26,14.6255,120.9847,2024-08-19,26.76,33.92,29.338333333333335,69.0,1008.0,7.2,220.0,16.07,100.0
P26,14.6255,120.9847,2024-08-26,25.27,32.29,27.74,85.0,1007.0,13.41,221.0,3.0,81.0
P26,14.6255,120.9847,2024-09-02,23.69,26.25,25.138333333333335,96.0,1005.0,17.43,168.0,88.1,100.0
P26,14.6255,120.9847,2024-09-09,25.26,29.47,28.005,85.0,1009.0,5.11,355.0,0.68,100.0
P26,14.6255,120.9847,2024-09-16,25.43,30.61,28.021666666666665,80.0,1002.0,6.69,260.0,15.34,100.0
P26,14.6255,120.9847,2024-09-23,25.3,33.29,28.878333333333334,74.0,1011.0,3.58,346.0,0.72,79.0
P26,14.6255,120.9847,2024-09-30,25.87,31.21,28.23,74.0,1007.0,17.43,231.0,0.0,100.0
P26,14.6255,120.9847,2024-10-07,24.5,30.54,27.28833333333333,64.0,1010.0,2.33,110.0,7.41,75.0
P26,14.6255,120.9847,2024-10-14,27.06,30.8,28.748333333333335,76.0,1009.0,5.81,215.0,0.88,100.0
P26,14.6255,120.9847,2024-10-21,25.0,31.63,27.76,79.0,1008.0,9.39,64.0,2.6,97.0
P26,14.6255,120.9847,2024-10-28,25.88,31.03,28.388333333333335,73.0,1006.0,8.94,323.0,0.0,95.0
P26,14.6255,120.9847,2024-11-04,24.81,32.69,28.705,69.0,1010.0,9.83,351.0,0.0,89.0
P26,14.6255,120.9847,2024-11-11,26.02,30.07,27.863333333333333,82.0,1005.0,13.86,230.0,10.18,100.0
P26,14.6255,120.9847,2024-11-18,26.53,32.57,29.176666666666666,73.0,1011.0,6.71,59.0,0.0,100.0
P26,14.6255,120.9847,2024-11-25,25.83,32.2,28.661666666666665,69.0,1011.0,6.26,97.0,0.0,79.0
P26,14.6255,120.9847,2024-12-02,25.42,28.06,26.463333333333335,91.0,1009.0,4.19,355.0,11.5,100.0
P26,14.6255,120.9847,2024-12-09,26.21,29.69,27.709999999999997,77.0,1010.0,9.39,16.0,5.77,100.0
P26,14.6255,120.9847,2024-12-16,24.93,30.15,27.041666666666668,73.0,1013.0,5.81,22.0,0.0,99.0
P26,14.6255,120.9847,2024-12-23,25.2,29.47,27.13,74.0,1011.0,5.37,79.0,0.46,100.0
P26,14.6255,120.9847,2024-12-30,23.48,29.43,26.19666666666667,80.0,1011.0,5.84,95.0,0.0,19.0
P27,14.6255,121.0056,2024-07-01,26.78,33.24,29.135,76.0,1008.0,5.81,231.0,0.0,100.0
P27,14.6255,121.0056,2024-07-08,25.53,32.11,28.811666666666667,72.0,1009.0,4.47,316.0,5.82,95.0
P27,14.6255,121.0056,2024-07-15,25.72,31.61,28.426666666666666,74.0,1008.0,4.47,230.0,18.2,100.0
P27,14.6255,121.0056,2024-07-22,24.85,28.12,26.191666666666666,93.0,1007.0,8.49,216.0,23.87,100.0
P27,14.6255,121.0056,2024-07-29,24.89,30.08,27.319999999999997,80.0,1009.0,5.36,193.0,18.88,100.0
P27,14.6255,121.0056,2024-08-05,25.82,31.34,28.393333333333334,75.0,1007.0,11.62,209.0,4.76,86.0
P27,14.6255,121.0056,2024-08-12,27.4,31.97,29.573333333333334,75.0,1007.0,16.09,217.0,0.0,18.0
P27,14.6255,121.0056,2024-08-19,26.66,33.69,29.238333333333333,70.0,1008.0,7.2,220.0,11.08,100.0
P27,14.6255,121.0056,2024-08-26,25.12,32.19,27.64333333333333,88.0,1007.0,13.41,221.0,2.99,81.0
P27,14.6255,121.0056,2024-09-02,23.66,26.16,25.076666666666668,96.0,1005.0,17.43,168.0,87.94,100.0
P27,14.6255,121.0056,2024-09-09,25.07,29.9,28.201666666666668,79.0,1009.0,4.82,355.0,0.23,75.0
P27,14.6255,121.0056,2024-09-16,25.24,30.9,27.995,80.0,1002.0,6.69,260.0,14.8,100.0
P27,14.6255,121.0056,2024-09-23,25.14,33.24,28.741666666666664,74.0,1011.0,6.71,26.0,0.39,73.0
P27,14.6255,121.0056,2024-09-30,25.59,31.1,28.066666666666666,77.0,1007.0,19.67,229.0,0.0,100.0
P27,14.6255,121.0056,2024-10-07,24.41,30.88,27.256666666666664,64.0,1010.0,2.05,98.0,6.85,81.0
P27,14.6255,121.0056,2024-10-14,26.96,30.68,28.565,76.0,1009.0,3.79,106.0,0.86,100.0
P27,14.6255,121.0056,2024-10-21,24.78,31.58,27.61,79.0,1008.0,9.39,64.0,5.18,96.0
P27,14.6255,121.0056,2024-10-28,25.91,30.97,28.378333333333334,72.0,1006.0,8.94,323.0,0.0,40.0
P27,14.6255,121.0056,2024-11-04,24.62,32.67,28.666666666666668,67.0,1010.0,9.83,351.0,0.0,75.0
P27,14.6255,121.0056,2024-11-11,25.96,29.97,27.781666666666666,83.0,1005.0,13.86,230.0,10.48,100.0
P27,14.6255,121.0056,2024-11-18,26.5,32.59,29.131666666666664,73.0,1011.0,4.02,206.0,0.0,100.0
P27,14.6255,121.0056,2024-11-25,25.67,32.16,28.573333333333334,69.0,1011.0,6.26,97.0,0.0,81.0
P27,14.6255,121.0056,2024-12-02,25.39,28.07,26.463333333333335,90.0,1009.0,3.6,352.0,12.03,100.0
P27,14.6255,121.0056,2024-12-09,26.11,29.71,27.656666666666666,76.0,1010.0,9.39,16.0,6.07,100.0
P27,14.6255,121.0056,2024-12-16,24.88,30.01,26.93166666666667,74.0,1013.0,5.81,354.0,0.0,99.0
P27,14.6255,121.0056,2024-12-23,25.06,29.38,27.021666666666665,74.0,1011.0,4.28,65.0,0.64,100.0
P27,14.6255,121.0056,2024-12-30,23.34,29.37,26.09,80.0,1011.0,5.13,90.0,0.0,23.0
P28,14.6255,121.0266,2024-07-01,26.78,33.24,29.135,76.0,1008.0,5.81,231.0,0.0,100.0
P28,14.6255,121.0266,2024-07-08,25.53,32.11,28.811666666666667,72.0,1009.0,4.47,316.0,5.82,95.0
P28,14.6255,121.0266,2024-07-15,25.72,31.61,28.426666666666666,74.0,1008.0,4.47,230.0,18.2,100.0
P28,14.6255,121.0266,2024-07-22,24.85,28.12,26.191666666666666,93.0,1007.0,8.49,216.0,23.87,100.0
P28,14.6255,121.0266,2024-07-29,24.89,30.08,27.319999999999997,80.0,1009.0,5.36,193.0,18.88,100.0
P28,14.6255,121.0266,2024-08-05,25.82,31.34,28.393333333333334,75.0,1007.0,11.62,209.0,4.76,86.0
P28,14.6255,121.0266,2024-08-12,27.4,31.97,29.573333333333334,75.0,1007.0,16.09,217.0,0.0,18.0
P28,14.6255,121.0266,2024-08-19,26.66,33.69,29.238333333333333,70.0,1008.0,7.2,220.0,11.08,100.0
P28,14.6255,121.0266,2024-08-26,25.12,32.19,27.64333333333333,88.0,1007.0,13.41,221.0,2.99,81.0
P28,14.6255,121.0266,2024-09-02,23.66,26.16,25.076666666666668,96.0,1005.0,17.43,168.0,87.94,100.0
P28,14.6255,121.0266,2024-09-09,25.07,29.9,28.201666666666668,79.0,1009.0,4.82,355.0,0.23,75.0
P28,14.6255,121.0266,2024-09-16,25.24,30.9,27.995,80.0,1002.0,6.69,260.0,14.8,100.0
P28,14.6255,121.0266,2024-09-23,25.14,33.24,28.741666666666664,74.0,1011.0,6.71,26.0,0.39,73.0
P28,14.6255,121.0266,2024-09-30,25.59,31.1,28.066666666666666,77.0,1007.0,19.67,229.0,0.0,100.0
P28,14.6255,121.0266,2024-10-07,24.41,30.88,27.256666666666664,64.0,1010.0,2.05,98.0,6.85,81.0
P28,14.6255,121.0266,2024-10-14,26.96,30.68,28.565,76.0,1009.0,3.79,106.0,0.86,100.0
P28,14.6255,121.0266,2024-10-21,24.78,31.58,27.61,79.0,1008.0,9.39,64.0,5.18,96.0
P28,14.6255,121.0266,2024-10-28,25.91,30.97,28.378333333333334,72.0,1006.0,8.94,323.0,0.0,40.0
P28,14.6255,121.0266,2024-11-04,24.62,32.67,28.666666666666668,67.0,1010.0,9.83,351.0,0.0,75.0
P28,14.6255,121.0266,2024-11-11,25.96,29.97,27.781666666666666,83.0,1005.0,13.86,230.0,10.48,100.0
P28,14.6255,121.0266,2024-11-18,26.5,32.59,29.131666666666664,73.0,1011.0,4.02,206.0,0.0,100.0
P28,14.6255,121.0266,2024-11-25,25.67,32.16,28.573333333333334,69.0,1011.0,6.26,97.0,0.0,81.0
P28,14.6255,121.0266,2024-12-02,25.39,28.07,26.463333333333335,90.0,1009.0,3.6,352.0,12.03,100.0
P28,14.6255,121.0266,2024-12-09,26.11,29.71,27.656666666666666,76.0,1010.0,9.39,16.0,6.07,100.0
P28,14.6255,121.0266,2024-12-16,24.88,30.01,26.93166666666667,74.0,1013.0,5.81,354.0,0.0,99.0
P28,14.6255,121.0266,2024-12-23,25.06,29.38,27.021666666666665,74.0,1011.0,4.28,65.0,0.64,100.0
P28,14.6255,121.0266,2024-12-30,23.34,29.37,26.09,80.0,1011.0,5.13,90.0,0.0,23.0
P29,14.6255,121.0475,2024-07-01,26.78,33.24,29.135,76.0,1008.0,5.81,231.0,0.0,100.0
P29,14.6255,121.0475,2024-07-08,25.53,32.11,28.811666666666667,72.0,1009.0,4.47,316.0,5.82,95.0
P29,14.6255,121.0475,2024-07-15,25.72,31.61,28.426666666666666,74.0,1008.0,4.47,230.0,18.2,100.0
P29,14.6255,121.0475,2024-07-22,24.85,28.12,26.191666666666666,93.0,1007.0,8.49,216.0,23.87,100.0
P29,14.6255,121.0475,2024-07-29,24.89,30.08,27.319999999999997,80.0,1009.0,5.36,193.0,18.88,100.0
P29,14.6255,121.0475,2024-08-05,25.82,31.34,28.393333333333334,75.0,1007.0,11.62,209.0,4.76,86.0
P29,14.6255,121.0475,2024-08-12,27.4,31.97,29.573333333333334,75.0,1007.0,16.09,217.0,0.0,18.0
P29,14.6255,121.0475,2024-08-19,26.66,33.69,29.238333333333333,70.0,1008.0,7.2,220.0,11.08,100.0
P29,14.6255,121.0475,2024-08-26,25.12,32.19,27.64333333333333,88.0,1007.0,13.41,221.0,2.99,81.0
P29,14.6255,121.0475,2024-09-02,23.66,26.16,25.076666666666668,96.0,1005.0,17.43,168.0,87.94,100.0
P29,14.6255,121.0475,2024-09-09,25.07,29.9,28.201666666666668,79.0,1009.0,4.82,355.0,0.23,75.0
P29,14.6255,121.0475,2024-09-16,25.24,30.9,27.995,80.0,1002.0,6.69,260.0,14.8,100.0
P29,14.6255,121.0475,2024-09-23,25.14,33.24,28.741666666666664,74.0,1011.0,6.71,26.0,0.39,73.0
P29,14.6255,121.0475,2024-09-30,25.59,31.1,28.066666666666666,77.0,1007.0,19.67,229.0,0.0,100.0
P29,14.6255,121.0475,2024-10-07,24.41,30.88,27.256666666666664,64.0,1010.0,2.05,98.0,6.85,81.0
P29,14.6255,121.0475,2024-10-14,26.96,30.68,28.565,76.0,1009.0,3.79,106.0,0.86,100.0
P29,14.6255,121.0475,2024-10-21,24.78,31.58,27.61,79.0,1008.0,9.39,64.0,5.18,96.0
P29,14.6255,121.0475,2024-10-28,25.91,30.97,28.378333333333334,72.0,1006.0,8.94,323.0,0.0,40.0
P29,14.6255,121.0475,2024-11-04,24.62,32.67,28.666666666666668,67.0,1010.0,9.83,351.0,0.0,75.0
P29,14.6255,121.0475,2024-11-11,25.96,29.97,27.781666666666666,83.0,1005.0,13.86,230.0,10.48,100.0
P29,14.6255,121.0475,2024-11-18,26.5,32.59,29.131666666666664,73.0,1011.0,4.02,206.0,0.0,100.0
P29,14.6255,121.0475,2024-11-25,25.67,32.16,28.573333333333334,69.0,1011.0,6.26,97.0,0.0,81.0
P29,14.6255,121.0475,2024-12-02,25.39,28.07,26.463333333333335,90.0,1009.0,3.6,352.0,12.03,100.0
P29,14.6255,121.0475,2024-12-09,26.11,29.71,27.656666666666666,76.0,1010.0,9.39,16.0,6.07,100.0
P29,14.6255,121.0475,2024-12-16,24.88,30.01,26.93166666666667,74.0,1013.0,5.81,354.0,0.0,99.0
P29,14.6255,121.0475,2024-12-23,25.06,29.38,27.021666666666665,74.0,1011.0,4.28,65.0,0.64,100.0
P29,14.6255,121.0475,2024-12-30,23.34,29.37,26.09,80.0,1011.0,5.13,90.0,0.0,23.0
P30,14.6255,121.0684,2024-07-01,26.94,33.23,29.153333333333332,76.0,1008.0,2.53,86.0,3.25,100.0
P30,14.6255,121.0684,2024-07-08,25.61,32.18,28.911666666666665,71.0,1009.0,2.48,97.0,4.75,94.0
P30,14.6255,121.0684,2024-07-15,25.84,31.67,28.491666666666664,74.0,1008.0,3.48,110.0,25.03,100.0
P30,14.6255,121.0684,2024-07-22,25.19,28.06,26.21666666666667,93.0,1007.0,7.45,249.0,27.94,100.0
P30,14.6255,121.0684,2024-07-29,24.96,30.24,27.381666666666664,80.0,1009.0,4.37,254.0,37.78,100.0
P30,14.6255,121.0684,2024-08-05,26.07,31.24,28.348333333333333,75.0,1008.0,6.0,244.0,5.58,85.0
P30,14.6255,121.0684,2024-08-12,27.46,32.06,29.638333333333335,73.0,1007.0,5.46,249.0,0.0,17.0
P30,14.6255,121.0684,2024-08-19,26.78,33.99,29.348333333333333,68.0,1008.0,7.2,220.0,10.41,99.0
P30,14.6255,121.0684,2024-08-26,25.28,32.27,27.72,88.0,1007.0,4.45,263.0,4.29,85.0
P30,14.6255,121.0684,2024-09-02,23.62,26.23,25.09166666666667,96.0,1005.0,9.05,252.0,87.93,100.0
P30,14.6255,121.0684,2024-09-09,25.35,29.45,27.996666666666666,85.0,1009.0,4.4,351.0,0.12,100.0
P30,14.6255,121.0684,2024-09-16,25.47,30.59,28.013333333333332,80.0,1002.0,6.69,260.0,16.16,100.0
P30,14.6255,121.0684,2024-09-23,25.32,33.23,28.883333333333336,73.0,1011.0,2.92,95.0,0.7,74.0
P30,14.6255,121.0684,2024-09-30,25.92,31.2,28.248333333333335,76.0,1007.0,8.23,270.0,0.0,100.0
P30,14.6255,121.0684,2024-10-07,24.48,30.65,27.23,65.0,1010.0,1.99,92.0,8.29,78.0
P30,14.6255,121.0684,2024-10-14,27.05,30.83,28.748333333333335,75.0,1009.0,3.9,99.0,1.47,100.0
P30,14.6255,121.0684,2024-10-21,25.07,31.56,27.77,79.0,1008.0,4.31,59.0,6.44,97.0
P30,14.6255,121.0684,2024-10-28,25.91,30.99,28.366666666666664,74.0,1006.0,4.63,270.0,0.27,95.0
P30,14.6255,121.0684,2024-11-04,24.87,32.62,28.64,69.0,1010.0,4.72,60.0,0.0,89.0
P30,14.6255,121.0684,2024-11-11,25.96,30.04,27.823333333333334,83.0,1006.0,8.74,217.0,10.54,100.0
P30,14.6255,121.0684,2024-11-18,26.44,32.45,29.10666666666667,73.0,1011.0,5.1,103.0,0.24,100.0
P30,14.6255,121.0684,2024-11-25,25.87,32.14,28.651666666666667,69.0,1011.0,4.21,67.0,0.0,61.0
P30,14.6255,121.0684,2024-12-02,25.33,27.94,26.37,90.0,1009.0,2.23,344.0,14.73,100.0
P30,14.6255,121.0684,2024-12-09,26.21,29.65,27.665000000000003,76.0,1010.0,4.78,52.0,7.4,100.0
P30,14.6255,121.0684,2024-12-16,24.88,30.16,27.025000000000002,73.0,1013.0,3.75,59.0,0.0,98.0
P30,14.6255,121.0684,2024-12-23,25.21,29.43,27.108333333333334,73.0,1011.0,4.86,77.0,0.6,100.0
P30,14.6255,121.0684,2024-12-30,23.49,29.38,26.176666666666666,80.0,1012.0,5.8,92.0,0.4,18.0
